"SPECIES_CODE","COMMON_NAME","YEAR","HAUL","STATIONID","END_LATITUDE","END_LONGITUDE","WGTCPUE"
21720,"Pacific cod",2010,1,"W-27",62.33713,-175.27733,6.15684419136486794047612956146754038942
21720,"Pacific cod",2010,1,"R-18",60.6792,-168.68293,4.13245318542756197302293746200438876732
21720,"Pacific cod",2010,1,"R-01",60.66215,-168.00675,163.887364881108399553054192993109675921
21720,"Pacific cod",2010,2,"R-02",60.66785,-167.30962,3.88897035392146613267290991291680325722
21720,"Pacific cod",2010,2,"S-18",61.0078,-168.73828,629.182815125642295849481792308962516148
21720,"Pacific cod",2010,2,"W-25",62.33942,-173.8639,105.382525473849674762916772049192140516
21720,"Pacific cod",2010,3,"T-18",61.34275,-168.76868,0
21720,"Pacific cod",2010,3,"S-02",61.01298,-167.3467,1.61025516576961245799483638528783737332
21720,"Pacific cod",2010,3,"W-26",62.33617,-174.58218,0
21720,"Pacific cod",2010,4,"S-01",60.99422,-168.03847,758.981096238803003080220790571996244529
21720,"Pacific cod",2010,4,"X-26",62.67922,-174.63653,0
21720,"Pacific cod",2010,4,"U-18",61.6776,-168.80402,84.52966360354605595848057563969507778492
21720,"Pacific cod",2010,5,"T-01",61.34945,-168.06638,65.37763040753080098127874257316700211095
21720,"Pacific cod",2010,5,"X-25",62.66693,-173.88373,0
21720,"Pacific cod",2010,5,"V-18",62.01197,-168.84197,0
21720,"Pacific cod",2010,6,"W-18",62.3437,-168.86835,0
21720,"Pacific cod",2010,6,"Y-25",63.00435,-174.00683,0
21720,"Pacific cod",2010,6,"T-02",61.34437,-167.36585,177.316657394532052181732335362305606927
21720,"Pacific cod",2010,7,"U-02",61.67648,-167.38325,1142.591104333881623226178006883377180442
21720,"Pacific cod",2010,7,"X-18",62.6793,-168.88668,0
21720,"Pacific cod",2010,7,"Y-24",63.01503,-173.23307,0
21720,"Pacific cod",2010,8,"U-01",61.67465,-168.09803,29.43823556730447312340903999700059705452
21720,"Pacific cod",2010,8,"Y-18",62.9145,-169.01292,0
21720,"Pacific cod",2010,8,"ZZ-24",63.33493,-173.38537,25.03311222549223245186925593929470285318
21720,"Pacific cod",2010,9,"ZZ-23",63.31657,-172.6943,284.635358693946754705108732349938020959
21720,"Pacific cod",2010,9,"X-19",62.66118,-169.61912,0
21720,"Pacific cod",2010,9,"V-01",62.0108,-168.12692,9.57208274975234493451702069827440632769
21720,"Pacific cod",2010,10,"V-02",62.00817,-167.41333,28.85618521231493196599409558056424940623
21720,"Pacific cod",2010,10,"Y-23",62.9916,-172.60592,73.06180666396166296302443068542466555147
21720,"Pacific cod",2010,10,"W-19",62.32282,-169.59615,0
21720,"Pacific cod",2010,11,"W-02",62.34752,-167.43883,0.291305775224385556010963584156344974786
21720,"Pacific cod",2010,11,"X-23",62.65707,-172.45545,0
21720,"Pacific cod",2010,11,"V-19",61.99215,-169.54905,5.54905171462527095226800841680164074361
21720,"Pacific cod",2010,12,"W-01",62.3435,-168.16215,180.874913384533913804325002588124158716
21720,"Pacific cod",2010,12,"X-24",62.6571,-173.18795,0
21720,"Pacific cod",2010,12,"U-19",61.64912,-169.49735,0
21720,"Pacific cod",2010,13,"W-24",62.31585,-173.15058,0
21720,"Pacific cod",2010,13,"T-19",61.33077,-169.46345,131.428841796474552747651366597096999742
21720,"Pacific cod",2010,13,"X-01",62.67497,-168.18307,153.578567499309406109640826619650785442
21720,"Pacific cod",2010,14,"X-02",62.67205,-167.4535,0
21720,"Pacific cod",2010,14,"S-19",60.98722,-169.41828,286.69863953683654887683208107011487044
21720,"Pacific cod",2010,14,"V-24",61.9891,-173.04018,0
21720,"Pacific cod",2010,15,"Y-02",63.01122,-167.4841,0
21720,"Pacific cod",2010,15,"U-24",61.65757,-173.09032,0
21720,"Pacific cod",2010,15,"R-19",60.67362,-169.40537,110.564190222169072082348605520306402624
21720,"Pacific cod",2010,16,"R-20",60.67137,-170.08463,0
21720,"Pacific cod",2010,16,"T-24",61.32638,-172.89282,2.50374420217528241866402860395199821616
21720,"Pacific cod",2010,16,"Y-01",63.01262,-168.22617,0
21720,"Pacific cod",2010,17,"U-23",61.66238,-172.31342,0
21720,"Pacific cod",2010,17,"R-21",60.67882,-170.75813,0
21720,"Pacific cod",2010,17,"ZZ-01",63.34407,-168.23748,64.45631430642967849285212650385823174908
21720,"Pacific cod",2010,18,"ZZ-02",63.3436,-167.50467,4.79862588881090498944975009025452898348
21720,"Pacific cod",2010,18,"S-21",61.00208,-170.79605,0
21720,"Pacific cod",2010,18,"T-23",61.33042,-172.17633,0
21720,"Pacific cod",2010,19,"S-20",61.00343,-170.11437,0
21720,"Pacific cod",2010,19,"AA-02",63.67782,-167.52488,0
21720,"Pacific cod",2010,20,"AA-01",63.65942,-168.25823,0
21720,"Pacific cod",2010,20,"T-20",61.34623,-170.12837,0
21720,"Pacific cod",2010,21,"AA-18",63.65803,-169.02845,283.330941578631695533306104125960841456
21720,"Pacific cod",2010,21,"T-21",61.34083,-170.8255,0
21720,"Pacific cod",2010,22,"AA-19",63.67335,-169.75602,2.16490322564213258249395578121488001661
21720,"Pacific cod",2010,22,"T-22",61.35255,-171.51275,0
21720,"Pacific cod",2010,23,"BB-19",64.00153,-169.80693,2.26779829801737733795830786228994935139
21720,"Pacific cod",2010,23,"U-22",61.67958,-171.56158,0
21720,"Pacific cod",2010,24,"U-21",61.68463,-170.86962,0
21720,"Pacific cod",2010,24,"BB-20",64.0084,-170.55597,21.86326330411240945219247947844200133685
21720,"Pacific cod",2010,25,"V-21",62.01357,-170.98915,12.01697598140306205900201684913554548058
21720,"Pacific cod",2010,25,"BB-21",63.99435,-171.3027,0.1864722581492106256368027615795542865497
21720,"Pacific cod",2010,26,"BB-22",64.011,-172.05948,1519.136484800810400227596445845749373265
21720,"Pacific cod",2010,26,"V-22",61.99542,-171.69668,0
21720,"Pacific cod",2010,27,"AA-22",63.68747,-172.06193,0
21720,"Pacific cod",2010,27,"V-23",62.00037,-172.36575,0
21720,"Pacific cod",2010,28,"AA-23",63.6604,-172.75845,0
21720,"Pacific cod",2010,28,"W-23",62.34517,-172.38428,0
21720,"Pacific cod",2010,29,"W-22",62.3538,-171.74252,0
21720,"Pacific cod",2010,30,"CC-20",64.32042,-170.63723,2.8060583942178646090617280292583428337
21720,"Pacific cod",2010,30,"X-22",62.67962,-171.81728,5.73135594389074172880262481773840336244
21720,"Pacific cod",2010,31,"CC-19",64.33373,-169.84795,0
21720,"Pacific cod",2010,31,"Y-22",63.00047,-171.79725,0
21720,"Pacific cod",2010,32,"CC-18",64.32848,-169.09848,0
21720,"Pacific cod",2010,32,"ZZ-22",63.31865,-171.9795,439.989700394845578159077488583629860911
21720,"Pacific cod",2010,33,"ZZ-21",63.26958,-171.14338,0
21720,"Pacific cod",2010,33,"BB-18",63.99558,-169.05797,361.406406051261817261612111744069596383
21720,"Pacific cod",2010,34,"Y-21",62.99585,-171.09653,197.030993164475459127423959599604424008
21720,"Pacific cod",2010,34,"BB-01",64.00273,-168.30303,427.468795250287939201750912185345179399
21720,"Pacific cod",2010,35,"Y-20",62.94438,-170.45015,0
21720,"Pacific cod",2010,35,"CC-01",64.3195,-168.34392,382.050072207934732468848079932224034539
21720,"Pacific cod",2010,36,"X-20",62.66233,-170.38898,0
21720,"Pacific cod",2010,36,"DD-01",64.64632,-168.33955,510.135631432674463575285338673845978576
21720,"Pacific cod",2010,37,"DD-20",64.6141,-170.59062,875.888316461492364891690829686053220192
21720,"Pacific cod",2010,37,"X-21",62.67937,-171.08763,1.54370473158235794028263149633885337703
21720,"Pacific cod",2010,38,"DD-19",64.65675,-169.87713,1995.202638050950574130200783680818295727
21720,"Pacific cod",2010,38,"W-21",62.33285,-171.01747,0
21720,"Pacific cod",2010,39,"DD-18",64.66047,-169.14103,1311.675372359742391415821653766254741973
21720,"Pacific cod",2010,39,"W-20",62.32727,-170.28245,65.37146331667261692252766868975365940735
21720,"Pacific cod",2010,40,"EE-18",65.00695,-169.14805,2549.314329621959685935495042236924599364
21720,"Pacific cod",2010,40,"V-20",61.98658,-170.25628,4.82081818965829783824831224439414416795
21720,"Pacific cod",2010,41,"EE-19",64.99855,-169.93977,398.947071939532123964990060820150763844
21720,"Pacific cod",2010,41,"U-20",61.66997,-170.15555,0
21720,"Pacific cod",2010,42,"U-03",61.63432,-166.71248,123.203858758817103348143391142584907702
21720,"Pacific cod",2010,43,"FF-01",65.3404,-168.42252,813.808258427563097646367873202223574565
21720,"Pacific cod",2010,43,"T-03",61.34502,-166.85513,91.38458795209367291747154447383280335225
21720,"Pacific cod",2010,44,"FF-02",65.31777,-167.95038,0
21720,"Pacific cod",2010,44,"S-03",60.99163,-166.65577,0
21720,"Pacific cod",2010,45,"EE-02",65.02818,-167.64255,0
21720,"Pacific cod",2010,45,"R-03",60.65767,-166.64785,0
21720,"Pacific cod",2010,46,"EE-01",64.98627,-168.34707,2002.417018413206555606664516881656627079
21720,"Pacific cod",2010,47,"DD-02",64.66102,-167.60623,0
21720,"Pacific cod",2010,48,"DD-03",64.67507,-166.84048,0
21720,"Pacific cod",2010,49,"CC-03",64.34987,-166.83518,0
21720,"Pacific cod",2010,50,"CC-02",64.32172,-167.57713,153.101491744384811413410006560398921247
21720,"Pacific cod",2010,51,"BB-02",64.04068,-167.56757,0
21720,"Pacific cod",2010,52,"BB-03",64.00595,-166.8462,0
21720,"Pacific cod",2010,53,"AA-03",63.65217,-166.77803,0
21720,"Pacific cod",2010,54,"ZZ-03",63.33588,-166.7638,0
21720,"Pacific cod",2010,55,"Y-03",62.98713,-166.76893,346.445234616834578237682774647133274853
21720,"Pacific cod",2010,56,"Y-04",63.00117,-166.02528,4.49518341097514013734283714999378166295
21720,"Pacific cod",2010,57,"ZZ-04",63.3483,-166.02795,140.755925003366412539663846699906960334
21720,"Pacific cod",2010,58,"ZZ-05",63.35288,-165.28508,93.38143775505328625401367447624424379858
21720,"Pacific cod",2010,59,"AA-05",63.67523,-165.29825,0
21720,"Pacific cod",2010,60,"AA-04",63.67498,-166.0432,286.689173331407629398277698543084616634
21720,"Pacific cod",2010,61,"BB-04",64.00502,-166.05527,0
21720,"Pacific cod",2010,62,"BB-05",64.00507,-165.28568,0
21720,"Pacific cod",2010,63,"BB-06",63.98673,-164.51132,0
21720,"Pacific cod",2010,64,"AA-06",63.66225,-164.55063,0
21720,"Pacific cod",2010,65,"BB-07",63.98392,-163.79313,0
21720,"Pacific cod",2010,66,"AA-07",63.66675,-163.79777,0
21720,"Pacific cod",2010,67,"AA-08",63.67628,-163.06457,0
21720,"Pacific cod",2010,68,"BB-08",64.01433,-163.0493,0
21720,"Pacific cod",2010,69,"BB-09",63.99302,-162.2943,0
21720,"Pacific cod",2010,71,"BB-10",63.99978,-161.5528,0
21720,"Pacific cod",2010,72,"CC-10",64.3192,-161.57047,0
21720,"Pacific cod",2010,73,"CC-09",64.3269,-162.27508,0
21720,"Pacific cod",2010,74,"CC-08",64.31382,-163.0583,0
21720,"Pacific cod",2010,75,"CC-07",64.34137,-163.80838,0
21720,"Pacific cod",2010,76,"CC-06",64.3328,-164.55117,0
21720,"Pacific cod",2010,77,"CC-05",64.3272,-165.34293,0
21720,"Pacific cod",2010,78,"CC-04",64.3336,-166.0685,0
21720,"Pacific cod",2010,79,"X-03",62.65622,-166.74587,0
21720,"Pacific cod",2010,81,"W-03",62.32063,-166.71542,0.5338581021590864291627790845894056270287
21720,"Pacific cod",2010,82,"V-03",62.00097,-166.70402,199.957882625387210800117184619585110644
21720,"Pacific cod",2017,1,"W-27",62.33524,-175.27144,122.765232482436383973147206410190733709
21720,"Pacific cod",2017,1,"V-24",61.99303,-173.08163,59.93309677352409829314118484333130693868
21720,"Pacific cod",2017,2,"W-26",62.33999,-174.61889,0
21720,"Pacific cod",2017,2,"U-24",61.66185,-173.03473,0
21720,"Pacific cod",2017,3,"T-24",61.33251,-172.93026,53.30777924523124062973835974171276948423
21720,"Pacific cod",2017,3,"W-25",62.34236,-173.85674,0
21720,"Pacific cod",2017,4,"T-23",61.33712,-172.23174,4.9395204369290223094937358274119584742
21720,"Pacific cod",2017,4,"W-24",62.34364,-173.14687,0
21720,"Pacific cod",2017,5,"U-23",61.6718,-172.32492,18.28580803404919993181273452723709558137
21720,"Pacific cod",2017,5,"W-23",62.33069,-172.41864,27.13205670879924982488883077377387391243
21720,"Pacific cod",2017,6,"V-23",62.00844,-172.3647,167.877175117722181278094391529628858671
21720,"Pacific cod",2017,6,"W-22",62.33718,-171.69984,965.805552626473141852317338462461988087
21720,"Pacific cod",2017,7,"W-21",62.32587,-171.04514,3786.918279709340403184666477935797413403
21720,"Pacific cod",2017,7,"V-22",61.99145,-171.62739,1144.563845065031157195773822715265826585
21720,"Pacific cod",2017,8,"V-21",61.99588,-170.93406,256.465031352110686082407495978526905421
21720,"Pacific cod",2017,8,"U-22",61.66185,-171.58729,70.59604558060835237201581803959759348942
21720,"Pacific cod",2017,9,"T-22",61.31892,-171.5077,214.740193868163045818158481180199906612
21720,"Pacific cod",2017,9,"U-20",61.66031,-170.21888,2526.248140527668882975538890484182320922
21720,"Pacific cod",2017,10,"U-21",61.66413,-170.90804,268.312775056274322981217534867815996808
21720,"Pacific cod",2017,10,"T-20",61.31858,-170.17617,1587.845831734001471776477734633452339982
21720,"Pacific cod",2017,11,"S-20",60.98183,-170.13311,1684.353468815124005309108311126835742815
21720,"Pacific cod",2017,11,"T-21",61.32311,-170.84636,694.017944526178601445464583757184280568
21720,"Pacific cod",2017,12,"S-21",60.99093,-170.81993,38.18181313665259822243680993171116124324
21720,"Pacific cod",2017,12,"R-20",60.66267,-170.05291,2461.378313890102875664188230294514513459
21720,"Pacific cod",2017,13,"R-18",60.67868,-168.70128,204.462799839734395899888551620141533489
21720,"Pacific cod",2017,13,"R-21",60.65859,-170.75436,278.4187924730096639437171610691802809
21720,"Pacific cod",2017,14,"S-18",61.00669,-168.71582,35.95491882390561654034130656130077705321
21720,"Pacific cod",2017,14,"R-19",60.68347,-169.37562,425.482541193446221618802286580294398175
21720,"Pacific cod",2017,15,"S-19",61.00967,-169.43661,1163.455651129750390850240454634621900691
21720,"Pacific cod",2017,15,"T-18",61.34369,-168.74481,0.7604707313827259073366413810148481910302
21720,"Pacific cod",2017,16,"T-19",61.33884,-169.4541,1673.484291866304571184433639399615335148
21720,"Pacific cod",2017,16,"Y-18",62.92182,-169.00648,5121.188311446989791072776870633648955694
21720,"Pacific cod",2017,17,"R-03",60.6718,-166.67192,0
21720,"Pacific cod",2017,17,"X-18",62.64853,-168.90934,8123.496099807095998736187058724217237235
21720,"Pacific cod",2017,18,"W-18",62.31932,-168.87343,4766.135624932966194777187756749096080676
21720,"Pacific cod",2017,18,"S-03",61.02313,-166.67942,0
21720,"Pacific cod",2017,19,"ZZ-21",63.24852,-171.10791,2517.323764451726884102413884642494255925
21720,"Pacific cod",2017,19,"T-03",61.34408,-166.91698,0
21720,"Pacific cod",2017,20,"U-03",61.65986,-166.74886,0
21720,"Pacific cod",2017,20,"Y-21",62.99533,-171.08978,1762.519091638593532814727490306343701635
21720,"Pacific cod",2017,21,"Y-20",62.94311,-170.4413,6457.56756723549457807037044623906813473
21720,"Pacific cod",2017,21,"V-03",62.01221,-166.69566,45.23522416348595409702410099482236293777
21720,"Pacific cod",2017,22,"X-19",62.65968,-169.62301,16955.2400467099625981821224701120800914
21720,"Pacific cod",2017,22,"W-03",62.33835,-166.71721,0
21720,"Pacific cod",2017,23,"X-03",62.65485,-166.75005,1062.759607636320629749163921089478845294
21720,"Pacific cod",2017,23,"V-18",62.00883,-168.8417,3506.505353446787776907483236131520238628
21720,"Pacific cod",2017,24,"Y-03",63.00395,-166.75189,746.903157227176612131565645602829803315
21720,"Pacific cod",2017,24,"U-18",61.67921,-168.80476,2104.890208836634218518386078050117081211
21720,"Pacific cod",2017,25,"Y-04",63.00114,-166.00638,0.7769146662066113153051046721134478216113
21720,"Pacific cod",2017,25,"U-19",61.6786,-169.50653,1920.406980807993718450773538157821440648
21720,"Pacific cod",2017,26,"ZZ-04",63.34972,-166.02396,1249.473689966480202540505366995302853831
21720,"Pacific cod",2017,26,"V-19",62.02267,-169.54751,2034.993616266395439250318595684986140177
21720,"Pacific cod",2017,27,"ZZ-05",63.33667,-165.33894,82.05033136399277400136293059516625087868
21720,"Pacific cod",2017,27,"W-19",62.32006,-169.59546,5222.956500697670653499225742142128594957
21720,"Pacific cod",2017,28,"AA-05",63.65774,-165.31929,0
21720,"Pacific cod",2017,28,"V-20",62.01535,-170.25713,149.530589395708406114965494167262498421
21720,"Pacific cod",2017,29,"AA-06",63.68583,-164.5865,0
21720,"Pacific cod",2017,29,"W-20",62.35454,-170.28579,1218.081903827213341825104320014477773485
21720,"Pacific cod",2017,30,"AA-07",63.66938,-163.79733,0
21720,"Pacific cod",2017,30,"X-20",62.66271,-170.38911,1982.794951352195197068693364227198123139
21720,"Pacific cod",2017,31,"AA-08",63.679,-163.05397,0
21720,"Pacific cod",2017,31,"X-21",62.68114,-171.08838,671.103005512440087279182876911208150949
21720,"Pacific cod",2017,32,"BB-08",64.00858,-163.06678,0
21720,"Pacific cod",2017,32,"ZZ-22",63.31476,-171.93196,420.1110076734812543052839444912448866
21720,"Pacific cod",2017,33,"BB-09",64.00326,-162.30623,0
21720,"Pacific cod",2017,33,"Y-22",62.98799,-171.79788,1863.270894699633332503718133527239069764
21720,"Pacific cod",2017,34,"X-22",62.65674,-171.81282,64.27255371519165123331889184595535199935
21720,"Pacific cod",2017,35,"X-23",62.68206,-172.45641,97.99205373527892101840468936518965916582
21720,"Pacific cod",2017,36,"BB-10",64.00301,-161.54526,0
21720,"Pacific cod",2017,36,"X-26",62.68385,-174.63603,122.546651774252891273791972892027045392
21720,"Pacific cod",2017,37,"CC-10",64.29719,-161.53822,0
21720,"Pacific cod",2017,37,"X-25",62.66701,-173.8947,11.14268763074202889733467469007032205877
21720,"Pacific cod",2017,38,"X-24",62.6818,-173.17935,0
21720,"Pacific cod",2017,38,"CC-09",64.31979,-162.27748,0
21720,"Pacific cod",2017,39,"Y-25",63.00492,-174.00783,15.26056227389092528375298735044362836044
21720,"Pacific cod",2017,39,"CC-08",64.23547,-163.1328,0
21720,"Pacific cod",2017,40,"ZZ-24",63.33583,-173.38453,196.528016813258901769644256024864459706
21720,"Pacific cod",2017,40,"CC-07",64.32573,-163.78891,0
21720,"Pacific cod",2017,41,"BB-07",63.9899,-163.79538,0
21720,"Pacific cod",2017,41,"Y-24",62.98305,-173.23196,0
21720,"Pacific cod",2017,42,"BB-06",63.99737,-164.57503,0
21720,"Pacific cod",2017,43,"CC-06",64.3197,-164.51355,0
21720,"Pacific cod",2017,43,"Y-23",63.02141,-172.60975,3.23099878984408962203188702078413403358
21720,"Pacific cod",2017,44,"DD-03",64.64508,-166.79013,745.653401346974286451862619876414531166
21720,"Pacific cod",2017,44,"ZZ-23",63.33848,-172.68777,633.064565013682676841931350064802226699
21720,"Pacific cod",2017,45,"CC-03",64.3282,-166.82351,3950.607005004818709325984733588771182867
21720,"Pacific cod",2017,45,"AA-23",63.67747,-172.71066,1112.105531258575593036144582428066623531
21720,"Pacific cod",2017,46,"AA-22",63.68913,-172.10431,3729.064122294520936562475910754456583794
21720,"Pacific cod",2017,46,"CC-04",64.331,-166.03081,722.712108132614952727472562699926498032
21720,"Pacific cod",2017,47,"CC-05",64.32235,-165.31908,0
21720,"Pacific cod",2017,47,"BB-22",64.00579,-172.00165,1413.076942432679256789059944435316877069
21720,"Pacific cod",2017,48,"BB-21",64.03592,-171.37549,9266.582370292972200082547533394190704562
21720,"Pacific cod",2017,48,"BB-05",64.00304,-165.31273,0
21720,"Pacific cod",2017,49,"CC-21",64.30196,-171.282,2446.909938815288858805792673212132627739
21720,"Pacific cod",2017,49,"BB-04",63.97981,-166.04505,2063.652440064688352725196072522059116491
21720,"Pacific cod",2017,50,"CC-20",64.26797,-170.70844,6120.269046426272481940636144871576396246
21720,"Pacific cod",2017,50,"AA-04",63.66317,-166.05988,1786.450814600948649206021860177356155908
21720,"Pacific cod",2017,51,"BB-20",64.00706,-170.55519,1586.571840781574507359982067354235195977
21720,"Pacific cod",2017,51,"BB-03",63.9864,-166.81459,3366.566123465712426370089317828601445748
21720,"Pacific cod",2017,52,"CC-19",64.31983,-169.83627,1156.236450354097412920942332707038589392
21720,"Pacific cod",2017,52,"AA-03",63.65004,-166.81155,387.615740049818673397413991843947568037
21720,"Pacific cod",2017,53,"ZZ-03",63.29608,-166.78787,851.998634427275830847100384438408217185
21720,"Pacific cod",2017,53,"DD-20",64.62476,-170.69074,1380.449281192437170502424255256081810675
21720,"Pacific cod",2017,54,"U-02",61.66509,-167.42438,0
21720,"Pacific cod",2017,54,"DD-19",64.66777,-169.92233,3508.566877285488161893689339388683180423
21720,"Pacific cod",2017,55,"T-02",61.33205,-167.37603,63.865361024814166416489856314181595757
21720,"Pacific cod",2017,55,"EE-19",64.99973,-169.93481,1356.166717522918573776113183270911039326
21720,"Pacific cod",2017,56,"EE-18",65.0086,-169.1429,5345.432699062174273148265845294212883363
21720,"Pacific cod",2017,56,"S-02",60.98463,-167.3194,0
21720,"Pacific cod",2017,57,"R-02",60.66012,-167.31146,58.57821020564115860687504660602125850282
21720,"Pacific cod",2017,57,"FF-18",65.20492,-168.89472,9555.850519080251403540745017652115431449
21720,"Pacific cod",2017,58,"CC-02",64.33088,-167.57576,2385.576696537152708688894438354357750607
21720,"Pacific cod",2017,59,"DD-02",64.69134,-167.60615,2842.412663870701559226690410479724363755
21720,"Pacific cod",2017,60,"EE-02",64.95894,-167.58363,89.78061760777472523677911343711972728792
21720,"Pacific cod",2017,61,"FF-02",65.24453,-167.85936,3094.573922902268663894250684467148728303
21720,"Pacific cod",2017,62,"FF-01",65.31375,-168.36105,4932.848586621810023998422034020788296937
21720,"Pacific cod",2017,63,"EE-01",64.98796,-168.34618,3262.692852185199898102194265458325187962
21720,"Pacific cod",2017,64,"DD-18",64.64223,-169.18421,2387.68546178677565273771678754744684121
21720,"Pacific cod",2017,65,"DD-01",64.64823,-168.34148,1952.577626765849110373050934415821592486
21720,"Pacific cod",2017,66,"CC-01",64.31725,-168.3452,2852.997697714336362535966308110493016171
21720,"Pacific cod",2017,67,"CC-18",64.28241,-169.15228,2175.510729165472555830254119523170845099
21720,"Pacific cod",2017,68,"BB-18",63.99513,-169.05759,1293.979115177081041911983540585654947529
21720,"Pacific cod",2017,69,"BB-19",63.98267,-169.77689,1821.867186790387272266601651201590966675
21720,"Pacific cod",2017,70,"AA-19",63.65321,-169.74983,272.571346267178450451980675552301276839
21720,"Pacific cod",2017,71,"AA-18",63.65873,-169.02742,5211.408556417312984738553915436577433075
21720,"Pacific cod",2017,72,"BB-01",63.99408,-168.29175,3114.872366688923845577734795235976662567
21720,"Pacific cod",2017,73,"BB-02",64.01536,-167.56255,2551.083899549515916274670847955399586849
21720,"Pacific cod",2017,74,"AA-02",63.65247,-167.53063,818.233147199664121999903613285002006779
21720,"Pacific cod",2017,75,"AA-01",63.65912,-168.26067,2958.259190825803287761108364134357325622
21720,"Pacific cod",2017,76,"Y-01",62.99479,-168.21176,1440.941179258905716271377493796188907235
21720,"Pacific cod",2017,77,"ZZ-01",63.31197,-168.24693,508.690369377033550309961998407072443322
21720,"Pacific cod",2017,78,"ZZ-02",63.31776,-167.51123,930.731604721532139917758078526886840532
21720,"Pacific cod",2017,79,"Y-02",62.98627,-167.48421,196.918488217382257512932621713676579762
21720,"Pacific cod",2017,80,"X-01",62.6454,-168.18875,1313.242818112477551301273409401267885059
21720,"Pacific cod",2017,81,"W-01",62.32154,-168.14495,296.020553411834225106997333841548937413
21720,"Pacific cod",2017,82,"X-02",62.64912,-167.46867,305.24367620452592326076776406766750872
21720,"Pacific cod",2017,83,"W-02",62.32595,-167.435,341.083538442607316032002031808401307347
21720,"Pacific cod",2017,84,"V-02",61.99974,-167.47048,565.572904030582232616993356089413485188
21720,"Pacific cod",2017,85,"V-01",61.98843,-168.12568,1503.020924340881009563275297522438034362
21720,"Pacific cod",2017,86,"U-01",61.65501,-168.09299,927.211716741765664546545564574578265477
21720,"Pacific cod",2017,87,"T-01",61.32641,-168.06593,156.448249265866590319921024923770590545
21720,"Pacific cod",2017,88,"S-01",60.99265,-168.03831,385.65506011576793563845552290184007456
21720,"Pacific cod",2017,89,"R-01",60.65939,-168.02313,0
21720,"Pacific cod",2019,1,"W-27",62.32673,-175.30397,978.390072388976553115793303130444791914
21720,"Pacific cod",2019,1,"V-24",61.99495,-173.07518,5937.360781839592488613299774828120422059
21720,"Pacific cod",2019,2,"W-26",62.33661,-174.54587,1100.202713380092635420222838436467722957
21720,"Pacific cod",2019,2,"U-24",61.66534,-173.09477,2911.640921935950175350236645058483527864
21720,"Pacific cod",2019,3,"W-25",62.33469,-173.83671,1677.113602144181632219960174839264038498
21720,"Pacific cod",2019,3,"T-24",61.32095,-172.92511,1875.52457964789041218829898005908946741
21720,"Pacific cod",2019,4,"T-23",61.35088,-172.2672,2293.940489042695905523591060534079874178
21720,"Pacific cod",2019,4,"W-24",62.33563,-173.12949,1879.365825097479458569587690812815404174
21720,"Pacific cod",2019,5,"W-23",62.31981,-172.43258,674.68667387876553870321017892450397662
21720,"Pacific cod",2019,5,"U-23",61.67512,-172.33005,1304.382692571973141695557745055075229939
21720,"Pacific cod",2019,6,"U-22",61.66692,-171.561,2118.634859403965550039750667171613605182
21720,"Pacific cod",2019,6,"V-23",61.99734,-172.36694,2207.753299456356224915176880242382425789
21720,"Pacific cod",2019,7,"V-22",61.99733,-171.6596,2924.195968047062135331975211922915500027
21720,"Pacific cod",2019,7,"T-22",61.33544,-171.46227,1840.24607298295704730960514301340910039
21720,"Pacific cod",2019,8,"W-22",62.33129,-171.6889,525.757592249220743605033342481949948877
21720,"Pacific cod",2019,8,"T-21",61.35169,-170.85319,3978.940949758948319841746123064433998817
21720,"Pacific cod",2019,9,"W-21",62.33503,-171.02161,2973.715978355128750421196674139991439462
21720,"Pacific cod",2019,9,"U-21",61.68602,-170.92084,710.754520586096489085153585650860232013
21720,"Pacific cod",2019,10,"V-21",61.9857,-170.97512,2409.947566703041711933837744714931754447
21720,"Pacific cod",2019,10,"CC-05",64.32052,-165.31798,0
21720,"Pacific cod",2019,11,"CC-04",64.3342,-166.07606,0
21720,"Pacific cod",2019,11,"BB-05",64.00058,-165.32398,0
21720,"Pacific cod",2019,12,"CC-03",64.35114,-166.83969,220.33439710780256980414034772293213965
21720,"Pacific cod",2019,12,"BB-06",64.00513,-164.52052,0
21720,"Pacific cod",2019,13,"DD-03",64.66917,-166.82952,10.96861659420067303431422015329738552055
21720,"Pacific cod",2019,14,"DD-02",64.68635,-167.60933,8825.59991882120081201861346841608516394
21720,"Pacific cod",2019,14,"CC-06",64.32434,-164.50198,0
21720,"Pacific cod",2019,15,"CC-07",64.33598,-163.7532,0
21720,"Pacific cod",2019,15,"EE-02",65.01757,-167.65465,1080.189481630811247617645714969099467971
21720,"Pacific cod",2019,16,"FF-02",65.31384,-167.6798,8369.951872776731533793680686336053567692
21720,"Pacific cod",2019,16,"BB-07",63.99032,-163.78035,0
21720,"Pacific cod",2019,17,"BB-08",64.00287,-163.0364,0
21720,"Pacific cod",2019,17,"FF-01",65.3368,-168.41667,3928.909121011919069796607391264409291253
21720,"Pacific cod",2019,18,"FF-18",65.21224,-168.91384,3139.463635267940591243999835448802565267
21720,"Pacific cod",2019,19,"EE-19",65.01992,-169.88152,2219.29782635920308378996195112085715739
21720,"Pacific cod",2019,19,"CC-08",64.24815,-163.09754,0
21720,"Pacific cod",2019,20,"EE-18",65.01885,-169.08951,3121.539479218241736010179254976495078075
21720,"Pacific cod",2019,20,"CC-09",64.33116,-162.24454,0
21720,"Pacific cod",2019,21,"CC-10",64.3055,-161.53989,0
21720,"Pacific cod",2019,21,"EE-01",64.98721,-168.36314,5874.224297811668021089778664029289416781
21720,"Pacific cod",2019,22,"BB-10",63.98487,-161.52652,0
21720,"Pacific cod",2019,22,"DD-01",64.65217,-168.33583,523.346215595427052584584148060758733871
21720,"Pacific cod",2019,23,"CC-01",64.33005,-168.29321,2818.968383179551298069047840405618457262
21720,"Pacific cod",2019,23,"BB-09",63.99968,-162.34681,0
21720,"Pacific cod",2019,24,"CC-02",64.30839,-167.59449,1620.101588726975849215389324289593504014
21720,"Pacific cod",2019,25,"BB-02",63.99654,-167.59471,1499.505785888587007553676558230839957029
21720,"Pacific cod",2019,25,"AA-08",63.66875,-163.07757,0
21720,"Pacific cod",2019,26,"AA-07",63.66641,-163.83846,0
21720,"Pacific cod",2019,26,"BB-01",64.00266,-168.2994,255.193242101351784838230141851667854786
21720,"Pacific cod",2019,27,"BB-18",63.95821,-169.00879,5365.368152343384600627230799524696341589
21720,"Pacific cod",2019,28,"AA-06",63.67454,-164.60569,0
21720,"Pacific cod",2019,28,"AA-18",63.65536,-169.01712,4814.549301941693964282158633868484996459
21720,"Pacific cod",2019,29,"AA-19",63.6681,-169.75784,1655.690242656427925688209059899154929325
21720,"Pacific cod",2019,29,"AA-05",63.66305,-165.33732,0
21720,"Pacific cod",2019,30,"BB-19",64,-169.78813,8403.810446514943730262199866539253002254
21720,"Pacific cod",2019,30,"ZZ-05",63.33041,-165.33519,0
21720,"Pacific cod",2019,31,"CC-19",64.31613,-169.82754,4597.862780162026094027681539257144495933
21720,"Pacific cod",2019,31,"ZZ-04",63.33346,-166.06768,130.913311066108829763918776331351824141
21720,"Pacific cod",2019,32,"CC-18",64.34192,-169.08004,1405.63317857553383351570778848611159519
21720,"Pacific cod",2019,33,"DD-18",64.66534,-169.13103,7941.92893490152506985604954486561278467
21720,"Pacific cod",2019,33,"ZZ-03",63.32439,-166.76821,430.113327054341199107692285853601063501
21720,"Pacific cod",2019,34,"DD-19",64.67354,-169.89917,3893.607391038100055912031736734204851034
21720,"Pacific cod",2019,34,"Y-04",62.98899,-166.00405,0
21720,"Pacific cod",2019,35,"DD-20",64.62434,-170.58714,2464.861234274226440613742635430453991669
21720,"Pacific cod",2019,35,"Y-03",62.99496,-166.76748,970.551305960709731111820364525259221639
21720,"Pacific cod",2019,36,"CC-20",64.31803,-170.59989,2941.231923678802390693640528667584230472
21720,"Pacific cod",2019,37,"CC-21",64.22423,-171.12608,3305.369005962342338426318344164076706295
21720,"Pacific cod",2019,37,"X-03",62.65015,-166.76116,69.96735384875891995752321552004401870654
21720,"Pacific cod",2019,38,"BB-20",63.98034,-170.56047,3179.655246595560361093500649934086851575
21720,"Pacific cod",2019,38,"W-03",62.32827,-166.73215,0
21720,"Pacific cod",2019,39,"AA-21",63.70025,-171.01949,8.22458884766313728997741322287710510922
21720,"Pacific cod",2019,40,"BB-21",64.05992,-171.33694,32693.8078896791796983328149542103679517
21720,"Pacific cod",2019,40,"V-03",61.99234,-166.70053,0
21720,"Pacific cod",2019,41,"V-02",62.00295,-167.41198,158.908142039967312978233415050887749796
21720,"Pacific cod",2019,41,"BB-22",63.9945,-172.01817,3630.5483057386094855609303913198673379
21720,"Pacific cod",2019,42,"W-02",62.34809,-167.43898,151.430005623477746560824910806042795731
21720,"Pacific cod",2019,42,"AA-23",63.66463,-172.69299,811.830645632675858754456950244523390465
21720,"Pacific cod",2019,43,"X-02",62.68238,-167.4505,1168.555679678706820207290599475845367134
21720,"Pacific cod",2019,43,"AA-22",63.69347,-172.06133,3308.533514072939672334261084944834542254
21720,"Pacific cod",2019,44,"ZZ-22",63.29328,-171.96295,2817.979837689992976710512136969848590442
21720,"Pacific cod",2019,44,"Y-02",63.01148,-167.49178,521.228571573437624117131079521159277243
21720,"Pacific cod",2019,45,"ZZ-02",63.35166,-167.51201,1186.148041600022465961384151007602497851
21720,"Pacific cod",2019,45,"ZZ-23",63.33668,-172.67475,1412.028253293207865673553386998362047226
21720,"Pacific cod",2019,46,"ZZ-24",63.33815,-173.43376,1104.056041884686066664743902400485848662
21720,"Pacific cod",2019,47,"Y-23",63.01057,-172.59814,821.776417646498081973841213073476673055
21720,"Pacific cod",2019,47,"BB-03",63.98632,-166.81159,361.576107554500908606129726896484110833
21720,"Pacific cod",2019,48,"AA-03",63.65282,-166.78744,245.996334953390168114094494462592622102
21720,"Pacific cod",2019,49,"AA-04",63.68616,-166.06608,120.793360548120147991074096269320535213
21720,"Pacific cod",2019,49,"Y-24",62.99868,-173.30261,442.88741351045089044919304811049900686
21720,"Pacific cod",2019,50,"BB-04",64.01605,-166.05949,6.75464886295618365427082455832074797508
21720,"Pacific cod",2019,50,"Y-25",63.00345,-174.03532,164.322727446556273662472752304103407396
21720,"Pacific cod",2019,51,"AA-02",63.66579,-167.53373,1626.538861643373929647548220624669080104
21720,"Pacific cod",2019,52,"X-26",62.66247,-174.65391,512.718755948192501716485090625098473812
21720,"Pacific cod",2019,53,"AA-01",63.66045,-168.2834,723.615606002645695112973997557699543848
21720,"Pacific cod",2019,53,"X-25",62.66724,-173.9102,93.45576037943038714048737179037872946894
21720,"Pacific cod",2019,54,"X-24",62.65507,-173.18654,767.353673897061565315142929925105496411
21720,"Pacific cod",2019,54,"ZZ-01",63.32948,-168.29096,4439.790043969267551061554328689457588892
21720,"Pacific cod",2019,55,"Y-01",62.99398,-168.20405,2348.805378768545652478578461547698687635
21720,"Pacific cod",2019,55,"X-23",62.66915,-172.48226,2897.70164614142438625141490353360638721
21720,"Pacific cod",2019,56,"X-22",62.662,-171.79542,1560.172976075330856072530323971431115122
21720,"Pacific cod",2019,57,"Y-22",62.98641,-171.8077,1205.95391807183735388994711700309798056
21720,"Pacific cod",2019,57,"Y-18",62.86036,-168.83022,1767.431004054290827929485187402126103185
21720,"Pacific cod",2019,58,"ZZ-21",63.26739,-171.1174,184.753423619820380953984192850589611723
21720,"Pacific cod",2019,58,"X-18",62.66352,-168.91354,7115.974257490383979961416490907078712429
21720,"Pacific cod",2019,59,"X-01",62.65546,-168.19487,2506.723282010986432549121828346540642119
21720,"Pacific cod",2019,59,"Y-21",62.98971,-171.13807,1097.79590309287995475286302960200380178
21720,"Pacific cod",2019,60,"Y-20",62.94534,-170.46932,2180.780308239002180780308239002180780308
21720,"Pacific cod",2019,60,"W-01",62.33004,-168.1378,1965.744067335365635763391617714566880434
21720,"Pacific cod",2019,61,"X-21",62.66305,-171.1026,1327.570683858504286721543642984406581252
21720,"Pacific cod",2019,61,"W-18",62.32563,-168.883,4947.598752214521162869785355739180873239
21720,"Pacific cod",2019,62,"X-20",62.67132,-170.30346,3050.750561275745914224356547011142689111
21720,"Pacific cod",2019,62,"V-18",61.98564,-168.83252,3604.217930371284909933385927339999257029
21720,"Pacific cod",2019,63,"X-19",62.66428,-169.62439,4173.124095050529303757196468006713613139
21720,"Pacific cod",2019,63,"V-01",61.98516,-168.13125,774.522567540539034032113974274684871669
21720,"Pacific cod",2019,64,"U-01",61.65256,-168.08068,127.225714596687130640952854415541246135
21720,"Pacific cod",2019,64,"W-19",62.33377,-169.58654,2282.265594198089102335132670483113204582
21720,"Pacific cod",2019,65,"U-18",61.66618,-168.82983,589.749234755290129796726060556911504807
21720,"Pacific cod",2019,65,"W-20",62.3339,-170.30504,1851.046420147421959044212578424367904572
21720,"Pacific cod",2019,66,"T-18",61.31564,-168.77044,84.85537141507464236574907130077679253858
21720,"Pacific cod",2019,66,"V-20",61.99458,-170.21544,2236.967975863306371826230122472194382043
21720,"Pacific cod",2019,67,"V-19",61.98811,-169.53318,2671.584208334246695455840768101010543852
21720,"Pacific cod",2019,67,"T-01",61.33361,-168.05995,95.39019135937899654399118328426654149107
21720,"Pacific cod",2019,68,"T-02",61.35001,-167.34364,0
21720,"Pacific cod",2019,68,"U-19",61.65999,-169.51865,569.092365967365967365967365967365967366
21720,"Pacific cod",2019,69,"U-02",61.67902,-167.38087,0
21720,"Pacific cod",2019,69,"U-20",61.65477,-170.19582,3817.634878422685130833218485264567414115
21720,"Pacific cod",2019,70,"T-20",61.32485,-170.17774,1237.088717883913190957280533145331320293
21720,"Pacific cod",2019,70,"U-03",61.63597,-166.72638,0
21720,"Pacific cod",2019,71,"T-19",61.31506,-169.46963,123.599794940136541272451078332691629714
21720,"Pacific cod",2019,72,"T-03",61.31655,-166.68962,0
21720,"Pacific cod",2019,72,"S-19",60.98803,-169.43455,238.906827147266217521831629806177725623
21720,"Pacific cod",2019,73,"S-03",60.98407,-166.64571,0
21720,"Pacific cod",2019,73,"S-20",60.99174,-170.09954,2659.736277618074476124545919881162636571
21720,"Pacific cod",2019,74,"R-03",60.65542,-166.65039,0
21720,"Pacific cod",2019,74,"S-21",60.99109,-170.79569,1110.842888394489178791164991042256761974
21720,"Pacific cod",2019,75,"R-21",60.66045,-170.75308,3886.194123129816078002730762211096292496
21720,"Pacific cod",2019,75,"R-02",60.66194,-167.3575,0.6251237745073524557862456766439755071504
21720,"Pacific cod",2019,76,"R-20",60.65606,-170.07724,2058.21478040526978889577068976616198559
21720,"Pacific cod",2019,76,"S-02",60.99937,-167.39364,0
21720,"Pacific cod",2019,77,"S-01",60.99955,-168.06156,0
21720,"Pacific cod",2019,78,"S-18",60.99688,-168.73951,69.20088100173917783391447878322281065447
21720,"Pacific cod",2019,79,"R-01",60.65223,-168.02662,0
21720,"Pacific cod",2019,80,"R-18",60.66724,-168.72659,49.27625500461964890668309208500153988297
21720,"Pacific cod",2019,81,"R-19",60.66173,-169.38473,320.768072847129710554439209512608321382
21720,"Pacific cod",2021,1,"U-24",61.66046,-173.07795,13256.7164730403189755897517142890837551
21720,"Pacific cod",2021,2,"W-27",62.33636,-175.24947,3773.274869160080213830593423669645959351
21720,"Pacific cod",2021,2,"T-24",61.34713,-172.90843,5359.791796937314062537382227850028999667
21720,"Pacific cod",2021,3,"W-26",62.35005,-174.60793,211.63500386756801796707169580371873487
21720,"Pacific cod",2021,3,"T-23",61.3318,-172.18852,600.958261007779697683166364752026485191
21720,"Pacific cod",2021,4,"X-26",62.66898,-174.60447,0
21720,"Pacific cod",2021,4,"T-22",61.3379,-171.50599,1543.894914088031222126449770024397960922
21720,"Pacific cod",2021,5,"X-25",62.64693,-173.91096,0
21720,"Pacific cod",2021,5,"U-22",61.66975,-171.55323,5875.363031661186200509607899157271759289
21720,"Pacific cod",2021,6,"W-25",62.33584,-173.80477,3210.686988649992838295617899774104312381
21720,"Pacific cod",2021,6,"U-23",61.66499,-172.31925,2895.258297316416010658514233035448574043
21720,"Pacific cod",2021,7,"V-24",62.00333,-173.08878,2071.295973455226768534021985263972596966
21720,"Pacific cod",2021,7,"W-24",62.36057,-173.1508,1235.544901952220168327261717133506215849
21720,"Pacific cod",2021,8,"V-23",62.01002,-172.37651,183.080257447869439502877445664248087326
21720,"Pacific cod",2021,8,"X-24",62.67462,-173.15793,0
21720,"Pacific cod",2021,9,"X-23",62.66754,-172.41421,2406.067554377258882032296280920853416567
21720,"Pacific cod",2021,9,"W-23",62.33615,-172.36987,602.655601574889584090496774725491040383
21720,"Pacific cod",2021,10,"W-22",62.32098,-171.80655,546.769048574102725727274463736557599373
21720,"Pacific cod",2021,10,"X-22",62.67349,-171.7872,433.683334419471356224712143100283399323
21720,"Pacific cod",2021,11,"Y-22",63.00914,-171.79532,44.24014813409031274211892235202484846173
21720,"Pacific cod",2021,11,"V-22",62.01603,-171.6796,78.10764011720906039970773462528995568203
21720,"Pacific cod",2021,12,"V-21",61.99155,-171.05864,142.073588451508300703147008153988227435
21720,"Pacific cod",2021,12,"Y-23",63.00249,-172.59181,0
21720,"Pacific cod",2021,13,"V-20",62.01648,-170.25655,802.807787248103086468158460726969784099
21720,"Pacific cod",2021,13,"Y-24",63.00462,-173.24254,140.715912493353285438045610564779639507
21720,"Pacific cod",2021,14,"Y-25",63.00045,-174.00902,0
21720,"Pacific cod",2021,14,"W-20",62.31738,-170.28102,652.559442264386818354803233196004281345
21720,"Pacific cod",2021,15,"W-21",62.34806,-171.01067,1037.201202368919407951112209970886604669
21720,"Pacific cod",2021,15,"ZZ-24",63.33869,-173.33048,0
21720,"Pacific cod",2021,16,"X-21",62.65322,-170.95115,877.637554658652424270031309085245189491
21720,"Pacific cod",2021,16,"ZZ-23",63.3368,-172.59722,2802.248120251917635316964604662944336075
21720,"Pacific cod",2021,17,"Y-21",63.01424,-171.12638,2125.394167725805528477738097292995511189
21720,"Pacific cod",2021,18,"ZZ-21",63.1952,-171.16092,371.00093438121607135691642733896255023
21720,"Pacific cod",2021,18,"ZZ-22",63.24481,-172.02566,0
21720,"Pacific cod",2021,19,"Y-20",62.93681,-170.46371,525.853084685194836030856324192789681614
21720,"Pacific cod",2021,19,"AA-22",63.54707,-172.00333,824.24254920203969348879068178825287457
21720,"Pacific cod",2021,20,"AA-23",63.66597,-172.69315,201.022936978177959427479713652833909976
21720,"Pacific cod",2021,20,"X-20",62.66264,-170.36736,1643.294272669288273735869106211369449913
21720,"Pacific cod",2021,21,"X-19",62.67042,-169.61028,1780.608811655820011383447222820840856673
21720,"Pacific cod",2021,22,"BB-22",63.99807,-171.79875,579.125269323118259455037462362359498456
21720,"Pacific cod",2021,22,"X-18",62.66867,-168.8826,4325.274623175211323491683544544761844219
21720,"Pacific cod",2021,23,"Y-18",62.87569,-168.80966,3361.258286871907222917888967829055777022
21720,"Pacific cod",2021,23,"BB-21",64.03688,-171.37028,1679.29697598969822903163404968584128743
21720,"Pacific cod",2021,24,"BB-20",63.98118,-170.55362,46.178248505678875060550645294378171402
21720,"Pacific cod",2021,24,"Y-01",63.00869,-168.20114,3343.900803583009487806923747841857357026
21720,"Pacific cod",2021,25,"AA-21",63.69732,-171.07991,1.1830385958297226995388610196543407295
21720,"Pacific cod",2021,25,"AA-18",63.693,-168.97112,1149.208737251071842889630845315687798822
21720,"Pacific cod",2021,26,"AA-19",63.69732,-169.66149,305.302368819705113487516118767904525033
21720,"Pacific cod",2021,26,"CC-21",64.22631,-171.12783,64.87529370173724753873478133735246747068
21720,"Pacific cod",2021,27,"BB-19",63.99007,-169.79276,1340.107974834420388830464912004890314958
21720,"Pacific cod",2021,27,"CC-20",64.2711,-170.69626,267.609968006099849102062618797983538164
21720,"Pacific cod",2021,28,"BB-18",64.00533,-169.04135,2218.237192358413664576983051960216009323
21720,"Pacific cod",2021,28,"CC-19",64.32748,-169.85207,0
21720,"Pacific cod",2021,29,"BB-01",64.0081,-168.28708,714.126446990222861789714705430452656391
21720,"Pacific cod",2021,29,"DD-19",64.66807,-169.91919,335.120792033547996880039837581152886473
21720,"Pacific cod",2021,30,"DD-20",64.65946,-170.61516,0
21720,"Pacific cod",2021,30,"AA-01",63.67721,-168.2618,440.996113998005487120499383047456554062
21720,"Pacific cod",2021,31,"ZZ-01",63.35936,-168.27762,1618.550393384562721859998760144577923566
21720,"Pacific cod",2021,32,"ZZ-02",63.33917,-167.5615,1710.299643812105041600039813307940924674
21720,"Pacific cod",2021,32,"EE-19",65.01872,-169.93256,1100.579488792057859035982211041732177351
21720,"Pacific cod",2021,33,"AA-02",63.67351,-167.52592,1433.844954869593575464802085953273303813
21720,"Pacific cod",2021,33,"FF-18",65.24546,-168.9716,1222.740088612693480637551067380171471316
21720,"Pacific cod",2021,34,"BB-02",64.04157,-167.57686,1595.401579021573145658286143861707311465
21720,"Pacific cod",2021,34,"EE-18",65.0125,-169.12724,485.002254951285543089888409727078011597
21720,"Pacific cod",2021,35,"DD-18",64.64975,-169.17884,35.97838002792442459516736665567086457781
21720,"Pacific cod",2021,35,"CC-04",64.33949,-166.04764,0.5790345806069076509328081655125680282913
21720,"Pacific cod",2021,36,"BB-04",63.9905,-166.05064,0.4637616636058396868681247333370434266422
21720,"Pacific cod",2021,36,"CC-18",64.32391,-169.11288,174.509749735762343775797456692962952674
21720,"Pacific cod",2021,37,"R-02",60.66748,-167.3489,79.75523489872319735196887596752113366232
21720,"Pacific cod",2021,37,"CC-01",64.34278,-168.32401,579.884950825756169975876786045648543329
21720,"Pacific cod",2021,38,"DD-01",64.66617,-168.33716,1189.866287085126190454957774526200254446
21720,"Pacific cod",2021,39,"R-03",60.66615,-166.6921,0
21720,"Pacific cod",2021,39,"EE-01",65.00633,-168.33389,1548.475140099248646481721423255558641615
21720,"Pacific cod",2021,40,"FF-01",65.33696,-168.36726,2828.827992126936025354925299983599232729
21720,"Pacific cod",2021,41,"CC-02",64.34567,-167.57666,2306.16621590270985304504518409528064532
21720,"Pacific cod",2021,42,"DD-02",64.67026,-167.60865,3267.158084607579504060830460615097678116
21720,"Pacific cod",2021,43,"EE-02",64.96854,-167.597,209.012051175340728555233843349914709001
21720,"Pacific cod",2021,44,"FF-02",65.25305,-167.88072,1560.926188807275683126093384618103209618
21720,"Pacific cod",2021,45,"DD-03",64.6614,-166.84678,534.225159407592736503443681365931598119
21720,"Pacific cod",2021,46,"V-03",61.99164,-166.75058,0
21720,"Pacific cod",2021,46,"CC-03",64.34303,-166.82281,1468.680967664965632961568953440937184905
21720,"Pacific cod",2021,47,"BB-03",63.98919,-166.82395,2170.373906268913710396594985960430419908
21720,"Pacific cod",2021,47,"V-02",61.99147,-167.42046,80.1493858828329130467170340075415857446
21720,"Pacific cod",2021,48,"AA-03",63.66941,-166.76173,513.210415402015815563784491293085968046
21720,"Pacific cod",2021,48,"U-02",61.69847,-167.34892,93.80408970160810244468692765358493548977
21720,"Pacific cod",2021,49,"AA-04",63.67233,-166.07988,1336.143288618933285545713624399940571806
21720,"Pacific cod",2021,49,"U-03",61.6462,-166.77605,104.635165065674606846940223460240488133
21720,"Pacific cod",2021,50,"T-03",61.3564,-166.79325,0
21720,"Pacific cod",2021,50,"AA-05",63.67399,-165.29505,0
21720,"Pacific cod",2021,51,"S-03",60.9758,-166.76808,0
21720,"Pacific cod",2021,51,"BB-05",64.00589,-165.31105,0
21720,"Pacific cod",2021,52,"CC-05",64.31771,-165.30028,0
21720,"Pacific cod",2021,52,"S-02",60.98894,-167.34812,0
21720,"Pacific cod",2021,53,"T-02",61.3064,-167.38407,0
21720,"Pacific cod",2021,53,"CC-06",64.32992,-164.53571,0
21720,"Pacific cod",2021,54,"BB-06",64.0001,-164.53775,0
21720,"Pacific cod",2021,54,"T-01",61.3207,-168.02892,0
21720,"Pacific cod",2021,55,"T-18",61.31549,-168.72723,90.96586355061576212735860287202261893014
21720,"Pacific cod",2021,55,"BB-07",64.01068,-163.81346,0
21720,"Pacific cod",2021,56,"CC-07",64.34237,-163.81296,0
21720,"Pacific cod",2021,56,"T-19",61.31392,-169.43173,6.46928325498865432484252724043267652163
21720,"Pacific cod",2021,57,"S-19",61.01723,-169.4045,147.723668239475749360517568642579208154
21720,"Pacific cod",2021,57,"CC-08",64.25135,-163.13439,0
21720,"Pacific cod",2021,58,"BB-08",64.01032,-163.07728,0
21720,"Pacific cod",2021,58,"S-18",61.0202,-168.72152,106.80266147908411485748471213947804934
21720,"Pacific cod",2021,59,"CC-09",64.33709,-162.23811,0
21720,"Pacific cod",2021,59,"S-01",60.99304,-168.05287,16.35810305747170581587461442884260731093
21720,"Pacific cod",2021,60,"CC-10",64.29697,-161.55008,0
21720,"Pacific cod",2021,60,"R-01",60.67896,-168.01602,126.777863985104087341842284203141748392
21720,"Pacific cod",2021,61,"BB-10",63.99112,-161.58974,0
21720,"Pacific cod",2021,62,"BB-09",63.998,-162.34532,0
21720,"Pacific cod",2021,63,"AA-08",63.66598,-163.08694,0
21720,"Pacific cod",2021,64,"AA-07",63.66782,-163.83874,0
21720,"Pacific cod",2021,65,"AA-06",63.66467,-164.5992,0
21720,"Pacific cod",2021,66,"ZZ-05",63.32268,-165.34942,0
21720,"Pacific cod",2021,67,"Y-04",63.01938,-166.01652,0.6795952874144389533145221357777016631056
21720,"Pacific cod",2021,68,"ZZ-04",63.3271,-166.0644,111.968267609903764947574772722232339316
21720,"Pacific cod",2021,69,"ZZ-03",63.31852,-166.74573,268.756599617672353562316957397982335714
21720,"Pacific cod",2021,70,"Y-03",62.99067,-166.7654,128.967079974929763892723933747956468954
21720,"Pacific cod",2021,71,"Y-02",62.99487,-167.45236,975.209362452214050092171453278970422197
21720,"Pacific cod",2021,72,"X-01",62.64485,-168.15805,3294.478296569567013219389468199119855609
21720,"Pacific cod",2021,73,"X-02",62.65913,-167.45538,2467.38611215658805708866957778284932441
21720,"Pacific cod",2021,74,"X-03",62.65001,-166.75957,0
21720,"Pacific cod",2021,75,"W-03",62.32418,-166.72371,0
21720,"Pacific cod",2021,77,"W-02",62.35133,-167.44986,332.66651386006423228506220328688785571
21720,"Pacific cod",2021,78,"W-01",62.33067,-168.17423,1759.278251411305330907653690494488398136
21720,"Pacific cod",2021,79,"W-18",62.32476,-168.90216,23812.9477210218838324517479072548255747
21720,"Pacific cod",2021,80,"W-19",62.30525,-169.58174,3337.008590021188622246458048413318811175
21720,"Pacific cod",2021,81,"V-19",62.00504,-169.54983,3841.487901504250205431024732748525852328
21720,"Pacific cod",2021,82,"V-18",61.99566,-168.77184,369.558450627599130312016796478360575093
21720,"Pacific cod",2021,83,"V-01",61.99012,-168.11074,223.52214318618940498056230487651973229
21720,"Pacific cod",2021,84,"U-01",61.66847,-168.10352,1.56367471062635805148617899196771574645
21720,"Pacific cod",2021,85,"U-18",61.66543,-168.81843,275.403226566940401264773411881726857307
21720,"Pacific cod",2021,86,"U-19",61.66785,-169.49408,72.48600500678695452676268513841967202476
21720,"Pacific cod",2021,87,"U-20",61.67046,-170.24318,4212.196723440163233475318976986171168289
21720,"Pacific cod",2021,88,"U-21",61.65367,-170.94948,2588.78279898531116167619628270743369436
21720,"Pacific cod",2021,89,"T-21",61.33203,-170.81553,4119.929315494060395864416213024284038258
21720,"Pacific cod",2021,90,"T-20",61.32014,-170.15765,351.489213307618924537152701619620279609
21720,"Pacific cod",2021,91,"S-20",60.99129,-170.09534,376.521494645548893115779672077683623588
21720,"Pacific cod",2021,92,"S-21",60.98678,-170.8066,1325.032863116799545245518881968494441417
21720,"Pacific cod",2021,93,"R-21",60.66582,-170.73382,1935.103429970829623295507291286673805629
21720,"Pacific cod",2021,94,"R-20",60.67399,-170.02812,745.330877465039953031335761122003156394
21720,"Pacific cod",2021,95,"R-19",60.67139,-169.34093,331.948179531703566682054222241205683429
21720,"Pacific cod",2021,96,"R-18",60.66324,-168.67655,7.42242820285199381266385010257795776341
