"","year","est","lwr","upr","log_est","se","REGION","MODEL"
"1",1982,1584394.15191603,1227769.45775552,2044606.0233611,14.275712653683,0.130105973178211,"ALL","With Russian data"
"2",1983,1858077.80655302,1600360.98746488,2157296.48638453,14.4350530739877,0.0761816524373277,"ALL","With Russian data"
"3",1984,1602184.83429452,1450033.01176812,1770301.9327217,14.2868787771676,0.0509100662463167,"ALL","With Russian data"
"4",1985,1635947.72630358,1433983.22081893,1866357.23789672,14.3077328434972,0.0672289110546784,"ALL","With Russian data"
"5",1986,1448906.31492127,1269984.59406914,1653035.41414806,14.1863195642238,0.0672482951505768,"ALL","With Russian data"
"6",1987,1398452.14663333,1253064.07623895,1560709.01999942,14.1508765734008,0.0560082753747654,"ALL","With Russian data"
"7",1988,1349840.49423916,1186691.01419453,1535420.20466428,14.1154969910186,0.0657245033610037,"ALL","With Russian data"
"8",1989,1362973.52679615,1200126.67801359,1547917.28971641,14.1251792877433,0.0649203835116282,"ALL","With Russian data"
"9",1990,1301886.05834459,1154796.88142292,1467710.3273985,14.079324585129,0.0611692662935489,"ALL","With Russian data"
"10",1991,943383.46217077,773925.310961836,1149946.05305162,13.7572281196498,0.101020973222573,"ALL","With Russian data"
"11",1992,1128464.72095067,941310.784361652,1352829.10552634,13.9363686128553,0.0925220973117358,"ALL","With Russian data"
"12",1993,1102672.79001487,934042.179786415,1301747.72419507,13.91324759966,0.0846804963800385,"ALL","With Russian data"
"13",1994,1845583.47972589,1574629.85229218,2163161.31418363,14.4283060346345,0.0810092673553524,"ALL","With Russian data"
"14",1995,1543466.0314042,1282856.22213445,1857018.22931873,14.2495411151695,0.0943596632989517,"ALL","With Russian data"
"15",1996,1282778.28848055,1156885.01868163,1422371.37729754,14.064538821557,0.0527036210740609,"ALL","With Russian data"
"16",1997,980617.326038498,822476.690731138,1169164.24618925,13.7959375768567,0.0897272381331272,"ALL","With Russian data"
"17",1998,859568.544815465,719020.379380813,1027589.90485422,13.6641858502651,0.0910939544346512,"ALL","With Russian data"
"18",1999,853416.320150886,765313.701673673,951661.278123088,13.657002773236,0.0555937138611729,"ALL","With Russian data"
"19",2000,784768.987880605,665194.441965688,925838.109108731,13.5731446705002,0.0843433863946172,"ALL","With Russian data"
"20",2001,1008707.22654662,911495.989914886,1116286.06175479,13.8241800952352,0.0517038182224127,"ALL","With Russian data"
"21",2002,820672.89043125,706330.657436198,953525.074974703,13.6178798808208,0.0765529988627523,"ALL","With Russian data"
"22",2003,897762.788089691,770596.634433777,1045914.27948656,13.7076611565869,0.0779304181551659,"ALL","With Russian data"
"23",2004,993045.227748639,856274.385852477,1151662.17820773,13.8085314885648,0.0756061548849291,"ALL","With Russian data"
"24",2005,975641.223756413,861502.222432075,1104902.31215621,13.7908501992041,0.0634793728429886,"ALL","With Russian data"
"25",2006,818513.365313018,685521.998025427,977305.077190525,13.6152450046924,0.0904655076008335,"ALL","With Russian data"
"26",2007,803893.4476651,673329.878795726,959774.243725397,13.5972220115988,0.0904258255774363,"ALL","With Russian data"
"27",2008,1008973.56523143,839062.417939314,1213291.92390244,13.8244441000148,0.0940852603161881,"ALL","With Russian data"
"28",2009,942600.244247926,801630.13961453,1108360.54752568,13.7563975525932,0.082652000723281,"ALL","With Russian data"
"29",2010,1192496.47488553,1016033.39294903,1399607.3873979,13.9915595456694,0.0817069973103296,"ALL","With Russian data"
"30",2011,1341653.00954487,1196313.93869729,1504649.18930974,14.1094130008937,0.0584997133622879,"ALL","With Russian data"
"31",2012,1320045.30825281,1126723.42605434,1546537.13195825,14.0931766184074,0.0807934553795865,"ALL","With Russian data"
"32",2013,1279091.38087524,1127863.44358907,1450596.49723467,14.0616605251356,0.0641975480490335,"ALL","With Russian data"
"33",2014,1526895.80092928,1317160.05062804,1770028.46828206,14.2387473441051,0.0753885506347137,"ALL","With Russian data"
"34",2015,1712033.56554502,1553743.15196075,1886450.10332238,14.3531924415343,0.049498321361457,"ALL","With Russian data"
"35",2016,2042487.27390395,1723465.01810913,2420562.19315466,14.5296788750501,0.0866503204463124,"ALL","With Russian data"
"36",2017,1633850.48498551,1508785.32416833,1769282.45823101,14.3064500477586,0.0406306362752114,"ALL","With Russian data"
"37",2018,1488418.88662239,1192599.784398,1857614.60888785,14.2132249645856,0.113052480272807,"ALL","With Russian data"
"38",2019,1395788.52631271,1201842.46880472,1621032.42376166,14.14897006538,0.0763298400574589,"ALL","With Russian data"
"39",2021,1103343.07674332,1011716.73523346,1203267.57737827,13.9138552895313,0.0442335198311728,"ALL","With Russian data"
"40",2022,1025076.72335835,902962.235709248,1163705.68692248,13.8402780198103,0.0647165000001013,"ALL","With Russian data"
"41",2023,942004.567392033,848299.99967936,1046059.89074957,13.7557654021582,0.053458011252684,"ALL","With Russian data"
"42",2024,866796.566547173,746271.600710015,1006786.65389804,13.6725595875696,0.0763864539376176,"ALL","With Russian data"
"43",1982,1448261.99079593,1095367.07239662,1914849.22893932,14.1858747684315,0.142489698608931,"ALL-WBS","With Russian data"
"44",1983,1681977.40444854,1428308.85064884,1980697.65358541,14.3354806856843,0.0834091883885431,"ALL-WBS","With Russian data"
"45",1984,1377885.4159205,1248160.71881948,1521092.74933927,14.1360605746459,0.0504493831012054,"ALL-WBS","With Russian data"
"46",1985,1449574.54418476,1250510.59613125,1680326.71266379,14.1867806535377,0.0753677883488658,"ALL-WBS","With Russian data"
"47",1986,1392326.4002775,1215703.64387569,1594609.68524327,14.1464865753476,0.069211974572234,"ALL-WBS","With Russian data"
"48",1987,1309682.86305992,1166960.13677045,1469861.00702618,14.0852955766018,0.0588698698289625,"ALL-WBS","With Russian data"
"49",1988,1206416.82162431,1046600.43222828,1390637.25054975,14.0031652197927,0.0725051250993541,"ALL-WBS","With Russian data"
"50",1989,1110798.90679371,953838.802332878,1293587.77218574,13.9205900502531,0.0777259610902766,"ALL-WBS","With Russian data"
"51",1990,1071723.83195431,930156.912771439,1234836.78528664,13.8847789679777,0.0722821412983978,"ALL-WBS","With Russian data"
"52",1991,800476.962706796,649448.621997747,986626.726304024,13.5929630323749,0.10667748284653,"ALL-WBS","With Russian data"
"53",1992,851059.525969815,680215.483872901,1064813.03927404,13.6542373533699,0.114324773381088,"ALL-WBS","With Russian data"
"54",1993,892321.967471227,795481.369797297,1000951.78072444,13.7015822965152,0.0586131124977833,"ALL-WBS","With Russian data"
"55",1994,1622969.71635302,1400977.62505803,1880137.59326805,14.2997681872672,0.0750459365220828,"ALL-WBS","With Russian data"
"56",1995,1349056.21172947,1100489.95983831,1653765.80325484,14.1149158035059,0.103904841353235,"ALL-WBS","With Russian data"
"57",1996,1178928.01180983,1057410.29331326,1314410.56117856,13.9801161189699,0.0555024288924437,"ALL-WBS","With Russian data"
"58",1997,849329.591868227,697750.731426399,1033837.33349642,13.6522026018177,0.100300517614622,"ALL-WBS","With Russian data"
"59",1998,773872.851697818,640446.114586817,935096.922215352,13.5591628647851,0.0965541202437577,"ALL-WBS","With Russian data"
"60",1999,776391.642783867,690799.704122267,872588.652524875,13.5624123661591,0.0595965895994165,"ALL-WBS","With Russian data"
"61",2000,719796.785852172,607835.709587529,852380.675815672,13.4867242092825,0.0862588806102984,"ALL-WBS","With Russian data"
"62",2001,959727.30797628,864341.472554858,1065639.60532038,13.7744044689016,0.0534097958721156,"ALL-WBS","With Russian data"
"63",2002,780289.774616726,667953.595284663,911518.609480566,13.5674206355934,0.0793109745130683,"ALL-WBS","With Russian data"
"64",2003,792587.504881236,686580.738964061,914961.514710865,13.5830581948921,0.0732559828590076,"ALL-WBS","With Russian data"
"65",2004,778961.696966468,666885.988804767,909872.655187116,13.565717154153,0.0792579743393977,"ALL-WBS","With Russian data"
"66",2005,824243.360701419,717268.802347212,947172.267129361,13.6222211059442,0.0709274043017028,"ALL-WBS","With Russian data"
"67",2006,698133.923403632,590771.794156665,825007.185224043,13.4561662306808,0.085196026701369,"ALL-WBS","With Russian data"
"68",2007,669721.855576361,581594.718486903,771202.608241608,13.4146177642415,0.0719853227917348,"ALL-WBS","With Russian data"
"69",2008,725928.073697407,567202.848533318,929070.73641234,13.4952062168568,0.125886976760171,"ALL-WBS","With Russian data"
"70",2009,746914.61182793,660971.151141792,844032.960286326,13.5237061494527,0.0623688377945011,"ALL-WBS","With Russian data"
"71",2010,1031604.76177599,858490.27651659,1239627.76705756,13.8466261688918,0.0937239343254186,"ALL-WBS","With Russian data"
"72",2011,1163881.51958431,1060163.91824777,1277745.98655347,13.9672711147941,0.0476218040439759,"ALL-WBS","With Russian data"
"73",2012,1132262.73786759,942532.920209957,1360184.75331113,13.9397286114038,0.0935744159338869,"ALL-WBS","With Russian data"
"74",2013,1085215.07545221,983916.925071355,1196942.27223841,13.8972887515357,0.0499968395229769,"ALL-WBS","With Russian data"
"75",2014,1359865.10534153,1177091.06826516,1571019.57068709,14.122896065544,0.0736438578595374,"ALL-WBS","With Russian data"
"76",2015,1323856.88108478,1176477.4342687,1489698.81660752,14.0960599137789,0.0602177428444341,"ALL-WBS","With Russian data"
"77",2016,1372887.95589625,1146634.22488754,1643786.04661818,14.1324270761007,0.0918821108393585,"ALL-WBS","With Russian data"
"78",2017,1014211.73847501,923755.309894747,1113525.88660919,13.8296222563985,0.0476640171517524,"ALL-WBS","With Russian data"
"79",2018,1071803.36400168,925030.907870019,1241863.85699313,13.8848531746848,0.0751395158261016,"ALL-WBS","With Russian data"
"80",2019,967540.386298434,876755.027604774,1067726.29713452,13.782512445959,0.0502710990532923,"ALL-WBS","With Russian data"
"81",2021,949423.760736337,863940.146730336,1043365.65543595,13.7636105118942,0.0481395280063765,"ALL-WBS","With Russian data"
"82",2022,911852.331052784,812641.247123773,1023175.57297181,13.7232333382411,0.058770629694558,"ALL-WBS","With Russian data"
"83",2023,858232.524518825,781667.25667357,942297.454387998,13.6626303493519,0.0476773675886733,"ALL-WBS","With Russian data"
"84",2024,812235.224860738,693393.921984512,951444.827517987,13.6075452629821,0.0807115424369439,"ALL-WBS","With Russian data"
"85",1982,971388.31587482,873455.843546909,1080301.04462567,13.7864815806918,0.0542197333361595,"EBS","With Russian data"
"86",1983,1293736.14763303,1175481.85609408,1423886.90307304,14.0730448287949,0.0489070808248812,"EBS","With Russian data"
"87",1984,1088554.31719545,975878.780147415,1214239.43792061,13.9003610593722,0.0557496990868241,"EBS","With Russian data"
"88",1985,1180855.52234912,1058976.4202762,1316761.86359156,13.9817497526825,0.0555808143589775,"EBS","With Russian data"
"89",1986,1162632.82098882,1046212.14950531,1292008.58265656,13.9661976645311,0.0538331023053398,"EBS","With Russian data"
"90",1987,1074271.05640403,968897.890635968,1191104.15429838,13.8871529024729,0.0526736174681844,"EBS","With Russian data"
"91",1988,965382.534780873,871938.107266896,1068841.27519234,13.7802797108711,0.0519427852792432,"EBS","With Russian data"
"92",1989,900244.428497003,802926.269256606,1009357.97229582,13.7104215926522,0.0583701659565828,"EBS","With Russian data"
"93",1990,900363.705133156,804580.463586081,1007549.69603407,13.7105540774879,0.0573876974649738,"EBS","With Russian data"
"94",1991,577890.163644394,511748.516076795,652580.380295288,13.2671391013,0.0620166995122241,"EBS","With Russian data"
"95",1992,603118.043052857,526275.101349892,691181.04375998,13.3098682161742,0.0695364077508306,"EBS","With Russian data"
"96",1993,689659.242654765,614212.733139638,774373.185895857,13.4439529033638,0.0591114358447849,"EBS","With Russian data"
"97",1994,1356898.25710389,1208145.98532219,1523965.56583398,14.1207119596641,0.0592431603989191,"EBS","With Russian data"
"98",1995,1003300.33832134,900007.1749189,1118448.38233254,13.8188054621222,0.055433389884925,"EBS","With Russian data"
"99",1996,872046.118002764,783941.641215564,970052.350764948,13.6785975891105,0.054341676996961,"EBS","With Russian data"
"100",1997,614488.615294874,547459.3983637,689724.679959114,13.3285456810385,0.0589307264146073,"EBS","With Russian data"
"101",1998,566104.929341626,503576.560601934,636397.354638227,13.2465347275326,0.0597172662703305,"EBS","With Russian data"
"102",1999,611584.951859206,536132.546347607,697656.122331579,13.3238091481876,0.0671810562754958,"EBS","With Russian data"
"103",2000,543489.664822462,482744.007078195,611879.197748355,13.2057659693966,0.060472633297804,"EBS","With Russian data"
"104",2001,774889.494492486,695447.854512168,863405.82515136,13.5604757104173,0.0551869316351071,"EBS","With Russian data"
"105",2002,623330.826044227,545572.511267114,712171.729097155,13.3428326777656,0.0679816961686108,"EBS","With Russian data"
"106",2003,622284.435969878,549102.559446287,705219.658128779,13.341152559751,0.0638338491501448,"EBS","With Russian data"
"107",2004,603778.290598743,540266.575530645,674756.205009137,13.3109623409857,0.0567073613296186,"EBS","With Russian data"
"108",2005,644460.672255005,571932.530130751,726186.282826791,13.3761690789487,0.0609157978425051,"EBS","With Russian data"
"109",2006,537576.155395134,477277.763435528,605492.534932336,13.1948257134037,0.0607010132166922,"EBS","With Russian data"
"110",2007,470763.331090373,417398.251409325,530951.227397387,13.0621107649509,0.0613861690969761,"EBS","With Russian data"
"111",2008,437188.187606123,387092.71665324,493766.746723745,12.9881190166353,0.0620927202551439,"EBS","With Russian data"
"112",2009,444845.915191871,393784.357419933,502528.565531273,13.0054832431914,0.0622075313109512,"EBS","With Russian data"
"113",2010,791330.025303609,708939.647119258,883295.51251867,13.5814703851509,0.056095269136264,"EBS","With Russian data"
"114",2011,940706.088069894,848299.614873651,1043178.5286895,13.7543860297897,0.0527544683511603,"EBS","With Russian data"
"115",2012,875553.727243611,779698.226070309,983193.630122548,13.6826117963221,0.0591590269441186,"EBS","With Russian data"
"116",2013,816749.684979294,732317.410237767,910916.548736962,13.613087943763,0.0556737904997478,"EBS","With Russian data"
"117",2014,1061866.27613558,954546.844505532,1181251.60109679,13.875538555846,0.0543614873586712,"EBS","With Russian data"
"118",2015,1063435.92675746,955303.939397757,1183807.50217721,13.8770156642828,0.0547106146595374,"EBS","With Russian data"
"119",2016,994626.933882764,896896.996834131,1103005.96511863,13.8101230050115,0.0527696948061906,"EBS","With Russian data"
"120",2017,649043.68339292,583284.196729618,722216.897550413,13.3832553021929,0.0545037988093977,"EBS","With Russian data"
"121",2018,525987.999251093,469065.355977603,589818.394879238,13.1730336763476,0.0584379548637439,"EBS","With Russian data"
"122",2019,555075.669514637,496917.078116698,620041.074166433,13.2268597249027,0.0564710777610066,"EBS","With Russian data"
"123",2021,666338.860659471,596615.67712033,744210.208099193,13.4095536199168,0.0563914401650715,"EBS","With Russian data"
"124",2022,654115.678511432,587708.64593736,728026.248775102,13.391039493256,0.0546198247146193,"EBS","With Russian data"
"125",2023,678011.79691659,610266.497927787,753277.458813508,13.4269199663532,0.0537096317025533,"EBS","With Russian data"
"126",2024,629749.8735662,560346.880781336,707748.926350147,13.3530779934466,0.0595759378525252,"EBS","With Russian data"
"127",1982,398506.585756236,122037.319598603,1301302.74422145,12.8954793034403,0.603785139669683,"GOA","With Russian data"
"128",1983,260719.500347147,94319.1898198746,720687.465520854,12.4712003970749,0.518764864873342,"GOA","With Russian data"
"129",1984,238363.203862205,199581.255702535,284681.127771528,12.3815508560451,0.0906007091467091,"GOA","With Russian data"
"130",1985,210392.766895431,87509.6195356042,505831.434267695,12.2567313813813,0.447573212797791,"GOA","With Russian data"
"131",1986,174742.212038256,70943.6024450506,430410.066808682,12.0710670927983,0.459919973679943,"GOA","With Russian data"
"132",1987,121295.35068086,90290.5109019041,162946.93594964,11.7059837651033,0.150613030489939,"GOA","With Russian data"
"133",1988,177495.589656278,73610.8792444013,427989.512838567,12.086701040582,0.449065869531589,"GOA","With Russian data"
"134",1989,152294.867760408,57740.4305515856,401689.535817347,11.933573840091,0.494836097919169,"GOA","With Russian data"
"135",1990,144938.656995915,60543.6618476728,346976.27547923,11.884065876689,0.445388699186024,"GOA","With Russian data"
"136",1991,183364.783092891,70484.2677200031,477023.380767295,12.1192327979716,0.487808956961855,"GOA","With Russian data"
"137",1992,211178.345392664,86912.9738778014,513114.343843362,12.2604582942728,0.452965311877288,"GOA","With Russian data"
"138",1993,137767.486670015,117480.100846222,161558.257497726,11.8333226639312,0.0812761976565501,"GOA","With Russian data"
"139",1994,221825.599800779,89096.9517616715,552281.483867144,12.3096467656367,0.465399553964818,"GOA","With Russian data"
"140",1995,303574.963030645,115849.866840483,795493.000487879,12.623383854142,0.491505701785342,"GOA","With Russian data"
"141",1996,220651.367687241,184126.428156198,264421.715827496,12.3043392131251,0.0923288919431608,"GOA","With Russian data"
"142",1997,169096.183956123,67464.5215728575,423830.463210855,12.0382229678439,0.468817714375683,"GOA","With Russian data"
"143",1998,120437.28988252,44594.4895070556,325267.560063696,11.6988844805368,0.506906714435685,"GOA","With Russian data"
"144",1999,133389.718763263,110817.071242397,160560.253688921,11.8010303387534,0.0945906282990933,"GOA","With Russian data"
"145",2000,134502.313966683,62930.3409777967,287474.566024918,11.8093366820893,0.387534155325235,"GOA","With Russian data"
"146",2001,144638.797426884,110968.096026885,188526.094166982,11.8819948613415,0.135204956638201,"GOA","With Russian data"
"147",2002,95148.9815057467,44886.6969586594,201692.913379637,11.4631991685761,0.38332460505207,"GOA","With Russian data"
"148",2003,79853.0060171583,67830.4881758048,94006.4378344078,11.2879427987349,0.0832544623570823,"GOA","With Russian data"
"149",2004,98791.5988392788,45875.1252999637,212746.666900738,11.5007678481294,0.3913794016077,"GOA","With Russian data"
"150",2005,84323.6842001263,66968.0099868979,106177.31837147,11.3424180558962,0.117577535222399,"GOA","With Russian data"
"151",2006,111400.022832013,49376.2441819085,251334.731763983,11.6208828114305,0.415139317529141,"GOA","With Russian data"
"152",2007,121519.366614461,103831.918595324,142219.817009572,11.7078289250643,0.0802566898889751,"GOA","With Russian data"
"153",2008,161695.702491442,64926.9037711511,402691.314163946,11.9934714681647,0.465546365463958,"GOA","With Russian data"
"154",2009,237737.098856185,196483.836400076,287651.794712889,12.3789207154492,0.0972391674287943,"GOA","With Russian data"
"155",2010,198197.170389347,76437.6263679517,513910.755957407,12.197017624234,0.486124891121446,"GOA","With Russian data"
"156",2011,176766.143298295,147565.62496723,211744.906196766,12.0825829136662,0.0921214084756753,"GOA","With Russian data"
"157",2012,230411.36953871,93629.3748940607,567016.48678925,12.3476215535426,0.459458496726224,"GOA","With Russian data"
"158",2013,219732.929156955,183766.926791058,262738.02908394,12.3001681295127,0.0911978992978278,"GOA","With Russian data"
"159",2014,170025.254163421,76821.4068232433,376309.003554843,12.0437022589018,0.405346042169318,"GOA","With Russian data"
"160",2015,124755.402076332,105218.573217816,147919.800385508,11.7341103158933,0.0868971073112612,"GOA","With Russian data"
"161",2016,97558.2764516615,43179.4299291803,220420.170433674,11.4882051856267,0.41586768444228,"GOA","With Russian data"
"162",2017,59297.6365382779,47560.0230335719,73932.0436523689,10.990324728176,0.112541299128824,"GOA","With Russian data"
"163",2018,56747.7223507971,24568.2035518703,131076.087236261,10.9463707997505,0.427131548856908,"GOA","With Russian data"
"164",2019,46876.933534952,37076.9502308127,59267.1965725523,10.7552810111677,0.119660486151963,"GOA","With Russian data"
"165",2021,60009.1099480492,48203.039798942,74706.7672864088,11.0022516621463,0.111774654767225,"GOA","With Russian data"
"166",2022,99715.0467617477,47333.1206709081,210066.2371245,11.5100718649412,0.38016326615257,"GOA","With Russian data"
"167",2023,67106.2035408775,54377.4356499938,82814.5443020754,11.1140317708604,0.107311772853231,"GOA","With Russian data"
"168",2024,87046.3701622112,35791.0416128201,211702.990943484,11.374196246018,0.453448811423139,"GOA","With Russian data"
"169",1982,136132.161120102,111778.822930459,165791.379846241,11.8213814657945,0.100565145489821,"WBS","With Russian data"
"170",1983,176100.402104482,146539.910403769,211623.929180201,12.0788095778689,0.0937550296923702,"WBS","With Russian data"
"171",1984,224299.418374024,159355.843245465,315709.973718565,12.3207371274333,0.174412459465324,"WBS","With Russian data"
"172",1985,186373.182118821,162667.191227323,213533.920091816,12.1355062981298,0.0694118250553795,"WBS","With Russian data"
"173",1986,56579.914643769,41442.267138595,77246.9018258619,10.9434093362607,0.158856363860166,"WBS","With Russian data"
"174",1987,88769.2835734112,71852.1624606498,109669.430066941,11.3937959634363,0.107874418699628,"WBS","With Russian data"
"175",1988,143423.672614849,119987.34675853,171437.659236924,11.8735582745194,0.0910306022973316,"WBS","With Russian data"
"176",1989,252174.620002445,217623.596362563,292211.13903215,12.4378770630415,0.0751824201632484,"WBS","With Russian data"
"177",1990,230162.226390278,199278.070468405,265832.815083025,12.3465396714072,0.0735131896144641,"WBS","With Russian data"
"178",1991,142906.499463975,82651.3738813836,247089.269421654,11.8699458454867,0.279372031226343,"WBS","With Russian data"
"179",1992,277405.194980855,213113.839069764,361091.71763911,12.5332345140879,0.134519184291116,"WBS","With Russian data"
"180",1993,210350.82254364,91144.4760760647,485465.169692337,12.2565319993682,0.426707240674417,"WBS","With Russian data"
"181",1994,222613.763372871,94002.842816903,527184.988857819,12.313193545979,0.439861777691516,"WBS","With Russian data"
"182",1995,194409.819674733,132759.476602051,284689.115634689,12.1777236824629,0.194610391865607,"WBS","With Russian data"
"183",1996,103850.276670718,83737.7039863091,128793.5953719,11.5507054934386,0.109828993951913,"WBS","With Russian data"
"184",1997,131287.734170273,100468.471377492,171560.977361757,11.7851466375743,0.136506282799054,"WBS","With Russian data"
"185",1998,85695.6931176476,56286.6888472676,130470.489014572,11.3585578479864,0.214465417569793,"WBS","With Russian data"
"186",1999,77024.6773670194,62548.1391904758,94851.7573868419,11.2518811347773,0.106221017386054,"WBS","With Russian data"
"187",2000,64972.202028434,33661.1104428109,125408.43070509,11.0817147963037,0.335524705712822,"WBS","With Russian data"
"188",2001,48979.9185703417,38016.7899836635,63104.5499682695,10.7991656679964,0.129279153695935,"WBS","With Russian data"
"189",2002,40383.1158145231,30209.1279243823,53983.5524868939,10.606167051211,0.148098458264525,"WBS","With Russian data"
"190",2003,105175.283208456,49964.4181501439,221394.356374527,11.5633836011906,0.379760655288725,"WBS","With Russian data"
"191",2004,214083.530782172,148623.845169915,308374.191905503,12.2741215486026,0.18620121982415,"WBS","With Russian data"
"192",2005,151397.863054994,125126.164583887,183185.611209651,11.9276665053218,0.0972409099795514,"WBS","With Russian data"
"193",2006,120379.441909386,57638.6021402608,251415.015221078,11.6984040490168,0.375749889571127,"WBS","With Russian data"
"194",2007,134171.592088739,61126.1190024391,294506.119763775,11.8068747977192,0.401119750425282,"WBS","With Russian data"
"195",2008,283045.491534024,236286.08626806,339058.264255345,12.5533629111769,0.0921263517092766,"WBS","With Russian data"
"196",2009,195685.632419996,103285.422455005,370748.028380245,12.1842647343375,0.326033137734443,"WBS","With Russian data"
"197",2010,160891.713109544,137750.225413788,187920.878311192,11.9884868282952,0.0792307747022492,"WBS","With Russian data"
"198",2011,177771.489960564,89814.5812221669,351866.057969207,12.0882542402765,0.348349066687589,"WBS","With Russian data"
"199",2012,187782.57038522,159667.875553209,220847.766767769,12.1430400319989,0.0827509455619845,"WBS","With Russian data"
"200",2013,193876.305423031,95889.09170057,391994.763302789,12.1749756337793,0.35920462392975,"WBS","With Russian data"
"201",2014,167030.695587745,85983.5269054795,324472.073577478,12.0259328804233,0.338792894350946,"WBS","With Russian data"
"202",2015,388176.684460234,335420.464791823,449230.605091612,12.8692158872751,0.0745298106708488,"WBS","With Russian data"
"203",2016,669599.318007693,479441.964009226,935177.310986777,13.4144347796499,0.170440197215907,"WBS","With Russian data"
"204",2017,619638.746510503,539008.169442207,712330.903211432,13.3368919202864,0.0711267732188759,"WBS","With Russian data"
"205",2018,416615.522620705,198026.239299968,876492.399704686,12.9399190673662,0.37947852645225,"WBS","With Russian data"
"206",2019,428248.140014276,271738.966086114,674899.415667786,12.9674580729528,0.232076137908941,"WBS","With Russian data"
"207",2021,153919.316006985,125286.383550128,189096.01481616,11.9441838220681,0.105015377579206,"WBS","With Russian data"
"208",2022,113224.392305567,51608.8084823099,248402.615560464,11.63712690127,0.4008641299253,"WBS","With Russian data"
"209",2023,83772.0428732083,36752.7668652998,190944.948250317,11.3358546135427,0.42035763380492,"WBS","With Russian data"
"210",2024,54561.341686435,41839.0052907495,71152.2653546953,10.907080883242,0.135459917121792,"WBS","With Russian data"
"211",1982,78367.0891648759,27287.4943355059,225062.828732668,11.2691593371455,0.538262719210413,"NBS","With Russian data"
"212",1983,127521.75646836,55432.7529934794,293360.82901545,11.756042267991,0.425067178404238,"NBS","With Russian data"
"213",1984,50967.8948628465,18248.266442191,142354.689689542,10.8389512009871,0.524053423460352,"NBS","With Russian data"
"214",1985,58326.2549402121,23280.6505134783,146127.876168282,10.9738076129927,0.468595227138535,"NBS","With Russian data"
"215",1986,54951.3672504248,20434.957511166,147768.976815394,10.9142038412406,0.504703929391444,"NBS","With Russian data"
"216",1987,114116.455975022,43638.8614800899,298416.711220587,11.6449747495965,0.490453603474066,"NBS","With Russian data"
"217",1988,63538.6971871632,38960.4381630943,103622.192936893,11.0594044037915,0.249546626096327,"NBS","With Russian data"
"218",1989,58259.6105363,22257.6599456688,152495.016462944,10.9726643455666,0.490939046629124,"NBS","With Russian data"
"219",1990,26421.4698252387,8092.08898127254,86268.708777374,10.181932209581,0.603730489174681,"NBS","With Russian data"
"220",1991,39222.0159695114,12258.0874283403,125498.088156555,10.5769934999977,0.593404936418192,"NBS","With Russian data"
"221",1992,36763.1375242925,9665.81589850447,139825.576528843,10.5122509244131,0.681594217558456,"NBS","With Russian data"
"222",1993,64895.238146448,19035.1982670037,221242.346678594,11.0805295278346,0.625768867605937,"NBS","With Russian data"
"223",1994,44245.859448348,11750.6003384521,166603.919964557,10.6975170742692,0.676470319774277,"NBS","With Russian data"
"224",1995,42180.9103774885,11534.2515189244,154256.147211157,10.6497230369551,0.66156662393114,"NBS","With Russian data"
"225",1996,86230.526119823,24878.5140150658,298880.537253896,11.3647795252825,0.634205381374577,"NBS","With Russian data"
"226",1997,65744.7926172297,18504.8239375271,233581.133810028,11.0935357471656,0.646822608328229,"NBS","With Russian data"
"227",1998,87330.6324736728,25720.954106933,296514.636919941,11.3774565677229,0.623682528753866,"NBS","With Russian data"
"228",1999,31416.9721613972,7126.85575418503,138493.912860578,10.3551035405651,0.756890496108577,"NBS","With Russian data"
"229",2000,41804.8070630265,11724.9591551702,149053.13276134,10.6407666134085,0.648630032845215,"NBS","With Russian data"
"230",2001,40199.0160569092,11104.6867139012,145520.619678602,10.6015977981113,0.65637699651286,"NBS","With Russian data"
"231",2002,61809.9670667523,18600.7302731816,205393.657812529,11.0318199098389,0.61269686503509,"NBS","With Russian data"
"232",2003,90450.0628941991,26673.4253662135,306717.782408534,11.4125531861709,0.623037031137019,"NBS","With Russian data"
"233",2004,76391.807528446,21443.7775583562,272139.93623941,11.2436307381019,0.648196067055668,"NBS","With Russian data"
"234",2005,95459.0042462881,29791.1034834445,305877.272950189,11.466452159396,0.594136974701585,"NBS","With Russian data"
"235",2006,49157.7451764857,11951.7792000009,202186.123956852,10.8027896955915,0.721520534785215,"NBS","With Russian data"
"236",2007,77439.1578715264,21227.5092317366,282502.440883904,11.2572478472984,0.660315512294265,"NBS","With Russian data"
"237",2008,127044.183599842,48980.8873180626,329520.869676007,11.7522902072977,0.4862868749362,"NBS","With Russian data"
"238",2009,64331.5977798737,20539.6661794077,201490.834211346,11.0718062013401,0.582507117077061,"NBS","With Russian data"
"239",2010,42077.566083031,23233.7795189583,76204.6298161316,10.6472700055066,0.30301959512977,"NBS","With Russian data"
"240",2011,46409.2882161213,18828.2461955064,114393.130956672,10.7452548952532,0.460284690893754,"NBS","With Russian data"
"241",2012,26297.6410852662,10191.1223286385,67859.6433590129,10.1772345215678,0.483663102329113,"NBS","With Russian data"
"242",2013,48732.4613159597,18443.0462546245,128766.839985343,10.7941006438163,0.495752967821681,"NBS","With Russian data"
"243",2014,127973.575042532,48683.8411570361,336399.830414771,11.7595790766088,0.493109380569034,"NBS","With Russian data"
"244",2015,135665.552250989,54409.9610322314,338267.878131045,11.8179479613567,0.466154197358389,"NBS","With Russian data"
"245",2016,280702.745561827,118010.073047305,667689.031379235,12.5450515434273,0.442113368230348,"NBS","With Russian data"
"246",2017,305870.418543811,249315.283503485,375254.623886138,12.6309168224352,0.104309696884983,"NBS","With Russian data"
"247",2018,489067.642399792,368106.512483621,649777.036620981,13.1002560869065,0.144966171714562,"NBS","With Russian data"
"248",2019,365587.783248845,301518.618004871,443270.893668812,12.8092617023825,0.0983052032585832,"NBS","With Russian data"
"249",2021,223075.790128817,182608.924543146,272510.274435345,12.3152668587494,0.102126742916722,"NBS","With Russian data"
"250",2022,158021.605779605,127197.144277439,196315.947461046,11.9704870481008,0.110713039027952,"NBS","With Russian data"
"251",2023,113114.524061357,85484.2357334802,149675.497989113,11.6361560717316,0.142894876335349,"NBS","With Russian data"
"252",2024,95438.9811323274,37355.9138624039,243832.854769052,11.4662423812363,0.478578113814928,"NBS","With Russian data"
"253",1982,1579619.03836697,1282690.39434814,1945283.38043682,14.2726942609727,0.106238666615509,"ALL-WBS","Without Russian data"
"254",1983,1792368.93196516,1515818.47562594,2119374.08069084,14.3990487285399,0.0855029127471904,"ALL-WBS","Without Russian data"
"255",1984,1470443.38363105,1316944.96102491,1641833.03665296,14.201074534794,0.0562507000050494,"ALL-WBS","Without Russian data"
"256",1985,1489158.7458389,1285217.87098832,1725461.35590472,14.2137219183669,0.0751458231792922,"ALL-WBS","Without Russian data"
"257",1986,1485947.45545334,1304541.91179792,1692578.69018952,14.2115631439128,0.0664301146689232,"ALL-WBS","Without Russian data"
"258",1987,1377617.50131125,1219652.49854934,1556041.56280279,14.1358661167788,0.0621386815566351,"ALL-WBS","Without Russian data"
"259",1988,1215244.37080948,1072232.21857269,1377331.19300406,14.0104557427715,0.0638800124912452,"ALL-WBS","Without Russian data"
"260",1989,1119003.62682349,973401.601100703,1286384.89543083,13.9279492284179,0.071122330962983,"ALL-WBS","Without Russian data"
"261",1990,942353.081972597,811408.667607623,1094429.1903136,13.7561353049574,0.0763321133210125,"ALL-WBS","Without Russian data"
"262",1991,821876.802968175,683689.536560166,987994.4669853,13.6193457880714,0.0939234546541012,"ALL-WBS","Without Russian data"
"263",1992,853357.308849356,698641.916474509,1042334.67731418,13.6569336237008,0.102063106794074,"ALL-WBS","Without Russian data"
"264",1993,918787.513169838,807599.436209019,1045283.65982951,13.7308101593367,0.0658117664611517,"ALL-WBS","Without Russian data"
"265",1994,1591992.50596475,1393344.53874272,1818961.54797065,14.2804969380668,0.0680009332608982,"ALL-WBS","Without Russian data"
"266",1995,1358800.44648878,1124041.18007118,1642589.86780288,14.122112843859,0.0967731547704297,"ALL-WBS","Without Russian data"
"267",1996,1260203.6634906,1120618.45957545,1417175.72105388,14.0467839035567,0.0598952927533239,"ALL-WBS","Without Russian data"
"268",1997,896865.259894649,750050.443189122,1072417.59765627,13.7066609178234,0.0912083989283231,"ALL-WBS","Without Russian data"
"269",1998,819279.140794916,680198.538198123,986797.637524689,13.6161801360169,0.0949201796604182,"ALL-WBS","Without Russian data"
"270",1999,800094.089530701,715640.988217963,894513.537711162,13.5924846116477,0.056914670594872,"ALL-WBS","Without Russian data"
"271",2000,752839.550845821,644249.084537526,879733.325076574,13.5316074041913,0.0794742647723547,"ALL-WBS","Without Russian data"
"272",2001,1010181.33122687,908136.214271089,1123693.01644728,13.825640408571,0.0543330119133447,"ALL-WBS","Without Russian data"
"273",2002,788558.237998712,669331.550072014,929022.53696054,13.5779615418825,0.0836376261444044,"ALL-WBS","Without Russian data"
"274",2003,830906.877082888,704100.991349842,980550.016070917,13.6302730062862,0.0844892707818748,"ALL-WBS","Without Russian data"
"275",2004,804263.953807936,690221.093034326,937149.724809417,13.5976827950383,0.0780195688842626,"ALL-WBS","Without Russian data"
"276",2005,848867.151896609,743403.024841076,969293.125654291,13.6516579770741,0.0676871474963545,"ALL-WBS","Without Russian data"
"277",2006,699909.081453735,604073.769086197,810948.508892314,13.4587057219524,0.0751310327159527,"ALL-WBS","Without Russian data"
"278",2007,630837.021214038,570560.780344866,697481.076588653,13.3548028216546,0.0512396355792069,"ALL-WBS","Without Russian data"
"279",2008,647986.289863152,518749.684717963,809419.734064803,13.381624817492,0.113496001198174,"ALL-WBS","Without Russian data"
"280",2009,712929.910137068,649381.863126896,782696.723805366,13.4771383918113,0.0476346417326534,"ALL-WBS","Without Russian data"
"281",2010,1017905.54040802,860708.641676975,1203812.34603918,13.8332576824043,0.0855864458995444,"ALL-WBS","Without Russian data"
"282",2011,1160661.5015586,1065811.82457858,1263952.12563243,13.9645006605104,0.0434973896678119,"ALL-WBS","Without Russian data"
"283",2012,1164592.12491606,982540.203520911,1380375.89968972,13.9678814763119,0.0867286012141785,"ALL-WBS","Without Russian data"
"284",2013,1070745.17683279,975194.063374528,1175658.54507296,13.8838653909919,0.0476914995359339,"ALL-WBS","Without Russian data"
"285",2014,1391309.87521103,1219162.25893443,1587765.00393935,14.1457562176349,0.0673898657525084,"ALL-WBS","Without Russian data"
"286",2015,1355963.39464041,1194682.67672218,1539016.81461505,14.1200227520152,0.0646091394642042,"ALL-WBS","Without Russian data"
"287",2016,1421422.7772364,1193179.33696663,1693326.93673938,14.167168883755,0.0893061663320973,"ALL-WBS","Without Russian data"
"288",2017,978319.772861572,898142.578403658,1065654.38604756,13.7935918616913,0.0436272066255168,"ALL-WBS","Without Russian data"
"289",2018,1037984.52033276,913318.419406628,1179667.28969553,13.8527914296225,0.0652826124285054,"ALL-WBS","Without Russian data"
"290",2019,953144.848863565,872114.010345945,1041704.51585198,13.7675221635983,0.0453307939048225,"ALL-WBS","Without Russian data"
"291",2021,943440.578535966,865665.122839941,1028203.74963039,13.7572886619833,0.043896338954735,"ALL-WBS","Without Russian data"
"292",2022,903012.09880403,815358.498204042,1000088.7368962,13.7134912307634,0.0520969063541778,"ALL-WBS","Without Russian data"
"293",2023,849585.25443387,780460.146304117,924832.751511449,13.6525035734269,0.0432990698871724,"ALL-WBS","Without Russian data"
"294",2024,815340.267709904,709751.49163035,936637.344181148,13.611360811484,0.0707618285933395,"ALL-WBS","Without Russian data"
"295",1982,1083457.99255414,973044.356603436,1206400.52394636,13.8956683290677,0.0548394676236359,"EBS","Without Russian data"
"296",1983,1296822.00510837,1170960.22576815,1436212.15812866,14.0754272180354,0.0520889888165412,"EBS","Without Russian data"
"297",1984,1096589.44835086,987893.167461523,1217245.40450502,13.9077154197563,0.0532589271006113,"EBS","Without Russian data"
"298",1985,1151615.96955193,1033914.38316781,1282716.79252941,13.9566767048973,0.0550082433677259,"EBS","Without Russian data"
"299",1986,1195235.22657079,1084681.11896194,1317057.35617757,13.9938535662955,0.0495197691771719,"EBS","Without Russian data"
"300",1987,1079971.82316334,983359.860846988,1186075.60188817,13.8924455090965,0.0478147014022478,"EBS","Without Russian data"
"301",1988,976546.89685803,884682.44544497,1077950.45179561,13.7917780536019,0.0504060347476948,"EBS","Without Russian data"
"302",1989,885435.652448987,797390.244936706,983202.76628164,13.6938350655228,0.053437505016743,"EBS","Without Russian data"
"303",1990,737479.403335789,656945.768386849,827885.491491962,13.5109934391258,0.058999395035033,"EBS","Without Russian data"
"304",1991,576770.457722966,516682.752827454,643846.072046173,13.2651996461013,0.0561312925756112,"EBS","Without Russian data"
"305",1992,585819.315515835,518953.164717397,661301.045573788,13.2807666857168,0.0618367327099384,"EBS","Without Russian data"
"306",1993,677247.065640051,609578.569385497,752427.350555364,13.4257914271806,0.053709303069751,"EBS","Without Russian data"
"307",1994,1316238.74659276,1182807.71499239,1464721.96289591,14.0902887927966,0.0545352894486274,"EBS","Without Russian data"
"308",1995,983651.005409357,892014.42207765,1084701.40896288,13.7990264438249,0.0498931944241542,"EBS","Without Russian data"
"309",1996,903009.247962865,819026.479325248,995603.588516755,13.7134880737231,0.0498051907545341,"EBS","Without Russian data"
"310",1997,636720.301904651,573623.28801652,706757.817067348,13.3640857516357,0.053244643914676,"EBS","Without Russian data"
"311",1998,578415.444650609,519678.475221353,643791.195061246,13.2680476518398,0.0546347128037122,"EBS","Without Russian data"
"312",1999,613687.165779234,543598.119134022,692813.172426184,13.3272405753008,0.0618761747780247,"EBS","Without Russian data"
"313",2000,552107.738913358,495298.869282521,615432.366743699,13.2214984854051,0.0553999209077499,"EBS","Without Russian data"
"314",2001,791691.890670318,716807.306874049,874399.638148882,13.5819275681745,0.0506974794566218,"EBS","Without Russian data"
"315",2002,582344.89287549,519261.76744993,653091.745852185,13.2748181506383,0.058498394696812,"EBS","Without Russian data"
"316",2003,606455.84859891,545017.505275466,674819.969523609,13.3153872076825,0.0544979477296244,"EBS","Without Russian data"
"317",2004,605771.767771974,547751.949726215,669937.249539687,13.3142585732737,0.0513686767195936,"EBS","Without Russian data"
"318",2005,656765.363859105,589407.855337061,731820.486033926,13.3950821010452,0.0552093941611092,"EBS","Without Russian data"
"319",2006,541461.924808788,486354.856017752,602812.971619503,13.2020280286551,0.0547633714897514,"EBS","Without Russian data"
"320",2007,465266.632978029,417163.382858678,518916.685063047,13.0503659244899,0.0556809695938331,"EBS","Without Russian data"
"321",2008,430988.652573921,385914.287609889,481327.653863014,12.9738370406045,0.0563614793488138,"EBS","Without Russian data"
"322",2009,433789.079303751,388410.129661184,484469.76778732,12.9803137025623,0.0563768558440756,"EBS","Without Russian data"
"323",2010,784812.40821,709839.036970058,867704.485103373,13.5731999977734,0.0512287387641131,"EBS","Without Russian data"
"324",2011,926502.304398014,843553.313028692,1017607.90550725,13.7391718119122,0.0478546693419801,"EBS","Without Russian data"
"325",2012,875433.888592544,787879.734344417,972717.611443529,13.6824749151127,0.0537633242967941,"EBS","Without Russian data"
"326",2013,792622.453198418,718215.436280812,874738.026472381,13.5831022878742,0.0502955335389828,"EBS","Without Russian data"
"327",2014,1073744.080457,975044.657034682,1182434.40646375,13.8866622393034,0.0491966633295218,"EBS","Without Russian data"
"328",2015,1048067.34524314,950391.647002225,1155781.58081437,13.8624584025267,0.0499136538605211,"EBS","Without Russian data"
"329",2016,1000182.88313836,909757.422359778,1099596.19469568,13.8156934243816,0.0483479038427085,"EBS","Without Russian data"
"330",2017,637722.993735478,578230.325207432,703336.713779316,13.3656592889459,0.0499660886222765,"EBS","Without Russian data"
"331",2018,534155.162802101,480958.059731288,593236.212961165,13.188441642781,0.0535246015886422,"EBS","Without Russian data"
"332",2019,556638.459979312,503087.806745128,615889.256256835,13.2296712237452,0.0516087155694508,"EBS","Without Russian data"
"333",2021,663112.934639452,599088.384922112,733979.785208679,13.4047005934847,0.0518051219032511,"EBS","Without Russian data"
"334",2022,651335.743197125,591147.758840402,717651.795209947,13.3867805228031,0.0494699104013451,"EBS","Without Russian data"
"335",2023,669036.617374781,608206.994748731,735950.094709466,13.4135940721039,0.0486353412403333,"EBS","Without Russian data"
"336",2024,635115.710734007,571372.169586108,705970.622113707,13.3615624829028,0.0539634512695429,"EBS","Without Russian data"
"337",1982,324092.494637797,125052.166715605,839937.02659646,12.6887842313107,0.485875238459765,"GOA","Without Russian data"
"338",1983,232636.912613566,101903.228401547,531091.447830426,12.357234202149,0.42115840285573,"GOA","Without Russian data"
"339",1984,244817.385510646,205773.510323453,291269.523244544,12.4082678463414,0.0886426838675454,"GOA","Without Russian data"
"340",1985,201034.907281959,93968.4715410402,430091.426231348,12.2112338400321,0.388027152630834,"GOA","Without Russian data"
"341",1986,189169.229814391,85795.136158883,417098.207552232,12.1503972892574,0.403415419747432,"GOA","Without Russian data"
"342",1987,114015.692189823,86627.1837646735,150063.496244301,11.6440913686916,0.140167077190945,"GOA","Without Russian data"
"343",1988,156662.729609739,72228.3749893092,339800.124984216,11.9618505545518,0.395039045407172,"GOA","Without Russian data"
"344",1989,114972.436515927,49785.4712885736,265512.42393165,11.6524476961467,0.427032957490012,"GOA","Without Russian data"
"345",1990,124510.709743372,56966.5334709835,272140.779791259,11.7321470132223,0.398950071068114,"GOA","Without Russian data"
"346",1991,163815.484601786,72805.7543280725,368590.549510601,12.0064959795215,0.413755411777506,"GOA","Without Russian data"
"347",1992,203587.710481658,95164.5598954221,435539.826009927,12.2238522007446,0.388011884544606,"GOA","Without Russian data"
"348",1993,131010.984291837,112922.328568735,151997.2021713,11.7830364482241,0.0758079974117437,"GOA","Without Russian data"
"349",1994,212081.896478566,97977.6054454911,459071.546088853,12.2647277832021,0.394003958040418,"GOA","Without Russian data"
"350",1995,315610.069117411,137335.823015288,725300.315251386,12.6622627721262,0.424537547851997,"GOA","Without Russian data"
"351",1996,222712.965255666,185521.163603671,267360.682358237,12.3136390700316,0.0932235630058757,"GOA","Without Russian data"
"352",1997,166751.288848886,76060.3599192923,365577.974680498,12.0242586929767,0.400505410126462,"GOA","Without Russian data"
"353",1998,106773.112907111,46644.6248584237,244411.819678637,11.5784614220074,0.422532481034873,"GOA","Without Russian data"
"354",1999,140290.987055242,116724.525230642,168615.473141092,11.8514740235085,0.0938293114292461,"GOA","Without Russian data"
"355",2000,132905.692433861,69230.9034144302,255145.061094814,11.7973950762435,0.332757366123278,"GOA","Without Russian data"
"356",2001,146403.851959435,112646.520879934,190277.406715524,11.8941241913615,0.133734156534604,"GOA","Without Russian data"
"357",2002,94547.0702821882,49562.4699287065,180361.239296662,11.4568530876963,0.32952846131285,"GOA","Without Russian data"
"358",2003,78151.6590349423,66665.4330929565,91616.9223921112,11.2664065644783,0.0811059349289055,"GOA","Without Russian data"
"359",2004,90943.9540957106,47750.499714588,173208.716892987,11.4179987067033,0.328707007222577,"GOA","Without Russian data"
"360",2005,83539.4836157275,68222.3256201805,102295.62330719,11.3330746567504,0.103342465959006,"GOA","Without Russian data"
"361",2006,115368.297405187,57336.6186071564,232135.141023304,11.6558848761214,0.356736202737961,"GOA","Without Russian data"
"362",2007,125624.299338643,108354.895844849,145646.068516572,11.7410509803761,0.0754522991935138,"GOA","Without Russian data"
"363",2008,185166.401523452,85264.7958142218,402119.021405379,12.1290101674761,0.395667081420228,"GOA","Without Russian data"
"364",2009,252951.351687806,214482.376688906,298320.017282789,12.4409524634014,0.0841697146918347,"GOA","Without Russian data"
"365",2010,211539.433075101,96543.9316875646,463508.487416399,12.2621667048893,0.400218206403998,"GOA","Without Russian data"
"366",2011,181432.020071106,153081.565012262,215032.932962539,12.1086363174647,0.0866904472862243,"GOA","Without Russian data"
"367",2012,247121.054457783,113355.206328017,538738.51527923,12.4176335945702,0.39763588229324,"GOA","Without Russian data"
"368",2013,206538.115373225,174833.234045724,243992.47279706,12.2382402524294,0.0850282982199131,"GOA","Without Russian data"
"369",2014,148781.211896006,75280.7376959418,294043.997053414,11.9102321292694,0.347584221480689,"GOA","Without Russian data"
"370",2015,109936.344736989,93674.1699121623,129021.691950545,11.607656793063,0.0816744756854927,"GOA","Without Russian data"
"371",2016,76227.6921204977,39362.0430893655,147620.92081514,11.2414800893108,0.337211722739188,"GOA","Without Russian data"
"372",2017,53183.8511005404,43425.8844642964,65134.4711288491,10.8815100785072,0.103419818718596,"GOA","Without Russian data"
"373",2018,46144.5846081298,23256.6417781464,91557.6164851847,10.7395348897766,0.349592572661449,"GOA","Without Russian data"
"374",2019,46015.9717717434,36790.307988997,57555.0946388153,10.7367438276362,0.114162356959728,"GOA","Without Russian data"
"375",2021,59619.9213952071,48658.4004458965,73050.7989288095,10.9957450488013,0.103657672620352,"GOA","Without Russian data"
"376",2022,95107.8407908772,49553.4574654795,182540.267471835,11.4627666929884,0.332638448207143,"GOA","Without Russian data"
"377",2023,67227.9803860641,55264.9758056186,81780.5722504185,11.1158448146439,0.0999764170327115,"GOA","Without Russian data"
"378",2024,71261.4186803603,33655.0449491667,150889.407516995,11.1741103474708,0.382758104412983,"GOA","Without Russian data"
"379",1982,172068.551175037,65541.7842910656,451736.043254353,12.0556482297375,0.492460622240706,"NBS","Without Russian data"
"380",1983,262910.014243219,108385.211785516,637740.836140585,12.4795671014464,0.45211043284343,"NBS","Without Russian data"
"381",1984,129036.549769548,47094.2770828478,353555.298176416,11.7678509747599,0.514266698653827,"NBS","Without Russian data"
"382",1985,136507.869005009,52585.1797759517,354365.971166854,11.8241375403339,0.48671707344703,"NBS","Without Russian data"
"383",1986,101542.999068155,40405.67266308,255186.462201302,11.528237623895,0.470167903399725,"NBS","Without Russian data"
"384",1987,183629.985958079,79592.0425202693,423660.088059392,12.1206780660447,0.426542872288477,"NBS","Without Russian data"
"385",1988,82034.744341706,48729.8346289681,138102.239222632,11.3148981479902,0.265745396285551,"NBS","Without Russian data"
"386",1989,118595.537858579,48370.134676176,290776.564798219,11.6834741413859,0.457577944470115,"NBS","Without Russian data"
"387",1990,80362.9688934354,28598.9334180308,225819.847019034,11.2943087631622,0.527144410956107,"NBS","Without Russian data"
"388",1991,81290.8606434218,27731.1412345009,238295.422762003,11.3057888740068,0.548723134454514,"NBS","Without Russian data"
"389",1992,63950.2828518621,19652.8621082975,208093.795921283,11.065861230013,0.601992168357519,"NBS","Without Russian data"
"390",1993,110529.46323795,36688.9776178328,332981.811892497,11.6130374000365,0.562666333254959,"NBS","Without Russian data"
"391",1994,63671.8628934201,18924.0681179461,214230.159131265,11.0614980311573,0.61904616841424,"NBS","Without Russian data"
"392",1995,59539.3719620142,17220.9207514827,205850.596770551,10.9943930863451,0.632926344406921,"NBS","Without Russian data"
"393",1996,134481.450272072,43754.5393921079,413334.495541318,11.8091815523199,0.5728834393078,"NBS","Without Russian data"
"394",1997,93393.6691411132,30178.0048792804,289030.950539356,11.4445788397046,0.576393355111943,"NBS","Without Russian data"
"395",1998,134090.583237195,44904.9354419408,400407.757765034,11.8062708448592,0.558157121785347,"NBS","Without Russian data"
"396",1999,46115.9366962257,12502.5777440358,170099.291594872,10.7389138676445,0.66594271955353,"NBS","Without Russian data"
"397",2000,67826.1194986021,22339.0912772351,205934.181885309,11.1247026430835,0.566647783829026,"NBS","Without Russian data"
"398",2001,72085.5885971196,22712.8068950046,228784.232059669,11.185609422533,0.589258377636889,"NBS","Without Russian data"
"399",2002,111666.274841033,37244.2915407168,334799.144272651,11.6232700132467,0.560222563818828,"NBS","Without Russian data"
"400",2003,146299.369449036,47970.2161557945,446183.219847763,11.8934102770128,0.568926105408287,"NBS","Without Russian data"
"401",2004,107548.231940252,35396.8872687801,326769.472853504,11.5856946951396,0.567008138368947,"NBS","Without Russian data"
"402",2005,108562.304421775,38500.8400562305,306117.319106625,11.5950795214553,0.528909811584313,"NBS","Without Russian data"
"403",2006,43078.8592397613,13063.7549145017,142056.256072219,10.670787650877,0.608781990988783,"NBS","Without Russian data"
"404",2007,39946.0888973665,13132.5886535224,121506.129545016,10.5952860464611,0.56757876763757,"NBS","Without Russian data"
"405",2008,31831.2357657781,11396.8671435209,88904.0433319928,10.3682033434552,0.524045118641932,"NBS","Without Russian data"
"406",2009,26189.4791455099,10730.1948616532,63921.3757770868,10.173113049771,0.455261454239536,"NBS","Without Russian data"
"407",2010,21553.6991229226,13233.7409856357,35104.3553282267,9.97830273383705,0.248870772724392,"NBS","Without Russian data"
"408",2011,52727.1770894809,23801.5065237082,116805.850127857,10.8728862959024,0.405814670679946,"NBS","Without Russian data"
"409",2012,42037.1818657302,16299.7214876422,108414.408218707,10.6463097881514,0.483379539432002,"NBS","Without Russian data"
"410",2013,71584.6082611485,29329.0320389401,174719.579326672,11.17863536142,0.455264591316084,"NBS","Without Russian data"
"411",2014,168784.582858025,71812.9995014429,396700.257729595,12.0363785231933,0.436006855091926,"NBS","Without Russian data"
"412",2015,197959.70466028,84832.1479014208,461948.042559569,12.1958187771486,0.432349232579174,"NBS","Without Russian data"
"413",2016,345012.201977538,163570.887634776,727717.635054771,12.7513350634389,0.380789305544635,"NBS","Without Russian data"
"414",2017,287412.928025554,238066.83137141,346987.401480333,12.5686752343069,0.0961081522291614,"NBS","Without Russian data"
"415",2018,457684.772922527,354873.448546007,590281.837718236,13.0339359574026,0.129808219679537,"NBS","Without Russian data"
"416",2019,350490.41711251,294614.998278009,416962.928587165,12.7670886444625,0.0886056853420886,"NBS","Without Russian data"
"417",2021,220707.722501306,184443.747760728,264101.653556214,12.3045945825765,0.0915806505649242,"NBS","Without Russian data"
"418",2022,156568.514816027,128508.373341361,190755.662018847,11.96124898751,0.100766976170885,"NBS","Without Russian data"
"419",2023,113320.656673025,87493.0786603295,146772.423892635,11.6379767487832,0.131972721249574,"NBS","Without Russian data"
"420",2024,108963.138295537,50531.8184109253,234960.187077796,11.5987649232404,0.392051305485284,"NBS","Without Russian data"
