M,Q,SSB_unfished,ann_F_MSY,ForeCatch_2023,ForeCatch_2024,Model,logQ,LL
0.42761,0.60653,0.62856,0.4478,320786.0000,266750.0000,Model23.1.0.a,-0.5000,263.2650
0.42204,0.63763,0.615975,0.4403,301128.0000,253241.0000,Model23.1.0.a,-0.4500,261.8440
0.41622,0.67032,0.604905,0.4323,282466.0000,240370.0000,Model23.1.0.a,-0.4000,260.4320
0.41012,0.70469,0.59537,0.4239,264758.0000,228105.0000,Model23.1.0.a,-0.3500,259.0430
0.40374,0.74082,0.587395,0.4150,247964.0000,216417.0000,Model23.1.0.a,-0.3000,257.6890
0.39708,0.77880,0.58102,0.4058,232048.0000,205276.0000,Model23.1.0.a,-0.2500,256.3900
0.39013,0.81873,0.576295,0.3961,216974.0000,194658.0000,Model23.1.0.a,-0.2000,255.1640
0.38290,0.86071,0.573285,0.3860,202707.0000,184534.0000,Model23.1.0.a,-0.1500,254.0370
0.37535,0.90484,0.57208,0.3755,189212.0000,174603.0000,Model23.1.0.a,-0.1000,253.0370
0.36752,0.95123,0.572765,0.3646,176465.0000,160938.0000,Model23.1.0.a,-0.0500,252.1960
0.35941,1.00000,0.575445,0.3533,159677.0000,149870.0000,Model23.1.0.a,0.0000,251.5520
0.35102,1.05127,0.58024,0.3417,141468.0000,140094.0000,Model23.1.0.a,0.0500,251.1500
0.34238,1.10517,0.587305,0.3299,124787.0000,130375.0000,Model23.1.0.a,0.1000,251.0390
0.33349,1.16183,0.59679,0.3178,109588.0000,120757.0000,Model23.1.0.a,0.1500,251.2770
0.32439,1.22140,0.608855,0.3055,95839.7000,111313.0000,Model23.1.0.a,0.2000,251.9300
0.31531,1.28403,0.62336,0.2939,84940.7000,103208.0000,Model23.1.0.a,0.2500,253.0450
0.30656,1.34986,0.639265,0.2834,77236.9000,97047.1000,Model23.1.0.a,0.3000,254.5160
0.30000,1.41907,0.65266,0.2756,71334.4000,92036.8000,Model23.1.0.a,0.3500,256.3620
0.30000,1.49182,0.65424,0.2751,69278.0000,90099.8000,Model23.1.0.a,0.4000,259.2290
0.30000,1.56831,0.655845,0.2747,67465.0000,88328.2000,Model23.1.0.a,0.4500,263.3910
0.30000,1.64872,0.657355,0.2745,65918.5000,86748.7000,Model23.1.0.a,0.5000,268.8400
0.45165,0.60653,0.673405,0.5145,387702.0000,298565.0000,Model23.1.0b,-0.5000,144.6280
0.44602,0.63763,0.658845,0.5035,364396.0000,284082.0000,Model23.1.0b,-0.4500,144.2590
0.44019,0.67032,0.64251,0.4832,342849.0000,270404.0000,Model23.1.0b,-0.4000,144.2470
0.43402,0.70469,0.63451,0.4791,321291.0000,256961.0000,Model23.1.0b,-0.3500,143.6360
0.42767,0.74082,0.624665,0.4657,301447.0000,244284.0000,Model23.1.0b,-0.3000,143.4000
0.42110,0.77880,0.615195,0.4535,282773.0000,232235.0000,Model23.1.0b,-0.2500,143.2640
0.41428,0.81873,0.60674,0.4413,265151.0000,220737.0000,Model23.1.0b,-0.2000,143.2120
0.40720,0.86071,0.599275,0.4292,248532.0000,209764.0000,Model23.1.0b,-0.1500,143.2530
0.39985,0.90484,0.592795,0.4173,232866.0000,199290.0000,Model23.1.0b,-0.1000,143.3960
0.39221,0.95123,0.587295,0.4054,218106.0000,189292.0000,Model23.1.0b,-0.0500,143.6520
0.38427,1.00000,0.58279,0.3936,204202.0000,179746.0000,Model23.1.0b,0.0000,144.0310
0.37602,1.05127,0.57935,0.3820,191116.0000,168994.0000,Model23.1.0b,0.0500,144.5450
0.36746,1.10517,0.578495,0.3709,180472.0000,158466.0000,Model23.1.0b,0.1000,145.1930
0.36709,1.16183,0.594405,0.3723,192118.0000,170202.0000,Model23.1.0b,0.1500,144.7120
0.36044,1.22140,0.5959,0.3641,185119.0000,163101.0000,Model23.1.0b,0.2000,145.0770
0.35374,1.28403,0.597815,0.3560,178433.0000,156223.0000,Model23.1.0b,0.2500,145.4760
0.34698,1.34986,0.60016,0.3481,171985.0000,149506.0000,Model23.1.0b,0.3000,145.9120
0.34006,1.41907,0.60204,0.3411,165378.0000,142939.0000,Model23.1.0b,0.3500,146.4130
0.33320,1.49182,0.606265,0.3326,155739.0000,137854.0000,Model23.1.0b,0.4000,146.9050
0.32608,1.56831,0.609185,0.3257,146172.0000,132598.0000,Model23.1.0b,0.4500,147.4960
0.31902,1.64872,0.614605,0.3173,137029.0000,127351.0000,Model23.1.0b,0.5000,148.0860
0.45140,0.60653,1332660,0.6412,384067.0000,296864.0000,Model23.1.0c,-0.5000,140.6770
0.44570,0.63763,1305620,0.6253,360797.0000,282389.0000,Model23.1.0c,-0.4500,140.2760
0.43978,0.67032,1280880,0.6093,338782.0000,268576.0000,Model23.1.0c,-0.4000,139.9300
0.43370,0.70469,1243380,0.5889,319542.0000,255907.0000,Model23.1.0c,-0.3500,139.9400
0.42731,0.74082,1223690,0.5733,299631.0000,243286.0000,Model23.1.0c,-0.3000,139.7040
0.42068,0.77880,1205950,0.5577,280862.0000,231248.0000,Model23.1.0c,-0.2500,139.5490
0.41382,0.81873,1190100,0.5421,263181.0000,219762.0000,Model23.1.0c,-0.2000,139.4810
0.40672,0.86071,1176010,0.5266,246549.0000,208812.0000,Model23.1.0c,-0.1500,139.5100
0.39935,0.90484,1163800,0.5113,230890.0000,198352.0000,Model23.1.0c,-0.1000,139.6390
0.39171,0.95123,1153280,0.4962,216182.0000,188383.0000,Model23.1.0c,-0.0500,139.8830
0.38378,1.00000,1144500,0.4814,202368.0000,178880.0000,Model23.1.0c,0.0000,140.2480
0.37553,1.05127,1137780,0.4668,189370.0000,168750.0000,Model23.1.0c,0.0500,140.7460
0.36696,1.10517,1134510,0.4526,177898.0000,157277.0000,Model23.1.0c,0.1000,141.3880
0.36567,1.16183,1164970,0.4508,187450.0000,166795.0000,Model23.1.0c,0.1500,141.1210
0.35895,1.22140,1168580,0.4403,180600.0000,159764.0000,Model23.1.0c,0.2000,141.5170
0.35220,1.28403,1173040,0.4301,174088.0000,152986.0000,Model23.1.0c,0.2500,141.9450
0.34539,1.34986,1178340,0.4202,167826.0000,146383.0000,Model23.1.0c,0.3000,142.4060
0.33850,1.41907,1184550,0.4105,159714.0000,140685.0000,Model23.1.0c,0.3500,142.9050
0.33151,1.49182,1191760,0.4010,150287.0000,135575.0000,Model23.1.0c,0.4000,143.4450
0.32442,1.56831,1200080,0.3917,141132.0000,130402.0000,Model23.1.0c,0.4500,144.0290
0.31722,1.64872,1209630,0.3824,132227.0000,125158.0000,Model23.1.0c,0.5000,144.6620
0.45730,0.60653,0.67964,0.5222,401132.0000,307231.0000,Model23.1.0d,-0.5000,133.8220
0.45169,0.63763,0.665475,0.5101,377018.0000,292310.0000,Model23.1.0d,-0.4500,133.5380
0.44596,0.67032,0.644305,0.4899,355967.0000,278523.0000,Model23.1.0d,-0.4000,133.7510
0.43990,0.70469,0.632835,0.4781,334117.0000,264915.0000,Model23.1.0d,-0.3500,133.5640
0.43360,0.74082,0.62243,0.4661,313484.0000,251929.0000,Model23.1.0d,-0.3000,133.4500
0.42707,0.77880,0.613055,0.4542,294014.0000,239537.0000,Model23.1.0d,-0.2500,133.4170
0.42029,0.81873,0.604685,0.4422,275652.0000,227711.0000,Model23.1.0d,-0.2000,133.4740
0.41326,0.86071,0.5973,0.4302,258345.0000,216424.0000,Model23.1.0d,-0.1500,133.6300
0.40597,0.90484,0.590875,0.4183,242042.0000,205655.0000,Model23.1.0d,-0.1000,133.8940
0.39839,0.95123,0.58546,0.4064,226680.0000,195369.0000,Model23.1.0d,-0.0500,134.2770
0.39051,1.00000,0.58108,0.3947,212288.0000,185600.0000,Model23.1.0d,0.0000,134.7900
0.38227,1.05127,0.580115,0.3836,201737.0000,178331.0000,Model23.1.0d,0.0500,135.4100
0.38306,1.10517,0.603225,0.3853,222482.0000,192596.0000,Model23.1.0d,0.1000,134.2600
0.37668,1.16183,0.603805,0.3767,214576.0000,187133.0000,Model23.1.0d,0.1500,134.4900
0.37024,1.22140,0.604715,0.3684,206916.0000,181787.0000,Model23.1.0d,0.2000,134.7500
0.36371,1.28403,0.605975,0.3602,199451.0000,176529.0000,Model23.1.0d,0.2500,135.0450
0.35708,1.34986,0.607595,0.3521,192154.0000,169713.0000,Model23.1.0d,0.3000,135.3770
0.35035,1.41907,0.609605,0.3442,185016.0000,162337.0000,Model23.1.0d,0.3500,135.7520
0.34353,1.49182,0.612035,0.3364,178030.0000,155045.0000,Model23.1.0d,0.4000,136.1730
0.33661,1.56831,0.614925,0.3287,171198.0000,147842.0000,Model23.1.0d,0.4500,136.6440
0.32958,1.64872,0.61832,0.3211,163306.0000,141201.0000,Model23.1.0d,0.5000,137.1690
0.46767,0.60653,1319660,0.6827,425428.0000,326408.0000,Model23.1.0e,-0.5000,138.7150
0.46197,0.63763,1290660,0.6655,400033.0000,310586.0000,Model23.1.0e,-0.4500,138.3280
0.45607,0.67032,1262640,0.6498,376149.0000,295552.0000,Model23.1.0e,-0.4000,138.0030
0.44994,0.70469,1235670,0.6354,353663.0000,281258.0000,Model23.1.0e,-0.3500,137.7410
0.44355,0.74082,1213180,0.6183,332189.0000,267552.0000,Model23.1.0e,-0.3000,137.5200
0.43692,0.77880,1190560,0.6037,312076.0000,254553.0000,Model23.1.0e,-0.2500,137.3830
0.43002,0.81873,1171110,0.5879,292983.0000,242120.0000,Model23.1.0e,-0.2000,137.3160
0.42285,0.86071,1153690,0.5722,274951.0000,230260.0000,Model23.1.0e,-0.1500,137.3330
0.41538,0.90484,1139300,0.5557,257876.0000,218920.0000,Model23.1.0e,-0.1000,137.4430
0.40772,0.95123,1118240,0.5503,242289.0000,208345.0000,Model23.1.0e,-0.0500,137.6510
0.39967,1.00000,1110770,0.5356,229485.0000,199633.0000,Model23.1.0e,0.0000,137.9640
0.40090,1.05127,1176600,0.5313,254456.0000,216815.0000,Model23.1.0e,0.0500,136.7140
0.39459,1.10517,1175900,0.5188,245101.0000,210458.0000,Model23.1.0e,0.1000,136.6960
0.38812,1.16183,1172790,0.5084,235739.0000,204035.0000,Model23.1.0e,0.1500,136.7360
0.38160,1.22140,1171970,0.4973,226824.0000,197868.0000,Model23.1.0e,0.2000,136.8020
0.37504,1.28403,1173440,0.4854,218310.0000,191927.0000,Model23.1.0e,0.2500,136.8970
0.36829,1.34986,1172660,0.4755,209809.0000,185947.0000,Model23.1.0e,0.3000,137.0590
0.36130,1.41907,1167860,0.4666,201240.0000,179859.0000,Model23.1.0e,0.3500,137.3450
0.35426,1.49182,1162670,0.4506,192850.0000,173807.0000,Model23.1.0e,0.4000,137.7200
0.34728,1.56831,1166210,0.4405,185316.0000,167319.0000,Model23.1.0e,0.4500,138.0170
0.34023,1.64872,1170690,0.4306,178024.0000,159390.0000,Model23.1.0e,0.5000,138.3710
0.45742,0.60653,1248430,0.6752,409683.0000,309440.0000,Model23.1.0f,-0.5000,135.4110
0.45181,0.63763,1215630,0.6498,385728.0000,294537.0000,Model23.1.0f,-0.4500,135.4790
0.44595,0.67032,1193920,0.6338,361930.0000,279911.0000,Model23.1.0f,-0.4000,135.2610
0.43983,0.70469,1185820,0.6221,338250.0000,265453.0000,Model23.1.0f,-0.3500,134.7870
0.43353,0.74082,1169180,0.6048,317022.0000,252124.0000,Model23.1.0f,-0.3000,134.7290
0.42699,0.77880,1154930,0.5875,296950.0000,239392.0000,Model23.1.0f,-0.2500,134.7560
0.42021,0.81873,1143060,0.5700,277976.0000,227228.0000,Model23.1.0f,-0.2000,134.8800
0.41318,0.86071,1133610,0.5526,260048.0000,215604.0000,Model23.1.0f,-0.1500,135.1130
0.40589,0.90484,1126630,0.5351,243116.0000,204495.0000,Model23.1.0f,-0.1000,135.4690
0.39834,0.95123,1122220,0.5176,227156.0000,193894.0000,Model23.1.0f,-0.0500,135.9620
0.39041,1.00000,1124390,0.5009,214843.0000,185631.0000,Model23.1.0f,0.0000,136.5840
0.38231,1.05127,1129700,0.4847,204039.0000,178292.0000,Model23.1.0f,0.0500,137.2930
0.37411,1.10517,1136800,0.4689,193801.0000,171246.0000,Model23.1.0f,0.1000,138.0920
0.37827,1.16183,1171980,0.4834,221383.0000,190143.0000,Model23.1.0f,0.1500,136.0380
0.37205,1.22140,1177480,0.4716,213359.0000,184633.0000,Model23.1.0f,0.2000,136.3550
0.36578,1.28403,1183780,0.4598,205525.0000,179206.0000,Model23.1.0f,0.2500,136.7190
0.35947,1.34986,1190930,0.4483,197882.0000,173866.0000,Model23.1.0f,0.3000,137.1350
0.35304,1.41907,1197240,0.4379,190264.0000,168514.0000,Model23.1.0f,0.3500,137.6370
0.34672,1.49182,1207970,0.4257,183211.0000,162142.0000,Model23.1.0f,0.4000,138.1440
0.34031,1.56831,1217950,0.4146,176209.0000,154423.0000,Model23.1.0f,0.4500,138.7480
0.33390,1.64872,1228960,0.4038,169445.0000,146918.0000,Model23.1.0f,0.5000,139.4260
0.46858,0.60653,1186590,0.6989,423088.0000,313571.0000,Model23.1.0g,-0.5000,142.0990
0.46285,0.63763,1156780,0.6800,398220.0000,298556.0000,Model23.1.0g,-0.4500,141.9500
0.45674,0.67032,1141010,0.6640,373059.0000,283536.0000,Model23.1.0g,-0.4000,141.4590
0.45048,0.70469,1122820,0.6451,349905.0000,269474.0000,Model23.1.0g,-0.3500,141.2190
0.44400,0.74082,1105740,0.6274,328121.0000,256106.0000,Model23.1.0g,-0.3000,141.0630
0.43729,0.77880,1090910,0.6097,307510.0000,243336.0000,Model23.1.0g,-0.2500,140.9870
0.43033,0.81873,1078340,0.5919,288016.0000,231135.0000,Model23.1.0g,-0.2000,141.0040
0.42319,0.86071,1058930,0.5782,270253.0000,219879.0000,Model23.1.0g,-0.1500,141.2700
0.41575,0.90484,1047810,0.5585,253008.0000,208847.0000,Model23.1.0g,-0.1000,141.5560
0.40794,0.95123,1047180,0.5477,236065.0000,197917.0000,Model23.1.0g,-0.0500,141.7250
0.39990,1.00000,1050290,0.5212,220202.0000,187520.0000,Model23.1.0g,0.0000,142.2460
0.39165,1.05127,1046410,0.5126,208031.0000,179501.0000,Model23.1.0g,0.0500,142.8860
0.39214,1.10517,1087690,0.5103,228212.0000,193289.0000,Model23.1.0g,0.1000,142.0520
0.38577,1.16183,1091320,0.4988,219906.0000,187809.0000,Model23.1.0g,0.1500,142.3780
0.37941,1.22140,1096920,0.4868,212041.0000,182550.0000,Model23.1.0g,0.2000,142.7400
0.37286,1.28403,1097630,0.4766,203905.0000,177088.0000,Model23.1.0g,0.2500,143.2420
0.36669,1.34986,1111510,0.4628,197191.0000,172450.0000,Model23.1.0g,0.3000,143.6090
0.36028,1.41907,1119340,0.4515,190050.0000,167525.0000,Model23.1.0g,0.3500,144.1360
0.35380,1.49182,1126800,0.4411,183024.0000,162646.0000,Model23.1.0g,0.4000,144.7390
0.34737,1.56831,1136280,0.4302,176353.0000,157951.0000,Model23.1.0g,0.4500,145.4000
0.34100,1.64872,1147770,0.4190,170030.0000,151632.0000,Model23.1.0g,0.5000,146.1240
0.46974,0.60653,0.666785,0.5420,405343.0000,337328.0000,Model23.1.0.h,-0.5000,633.5210
0.46241,0.63763,0.65404,0.5275,381034.0000,320677.0000,Model23.1.0.h,-0.4500,632.7010
0.45484,0.67032,0.64244,0.5135,358021.0000,304868.0000,Model23.1.0.h,-0.4000,632.0050
0.44738,0.70469,0.630285,0.5047,336742.0000,290158.0000,Model23.1.0.h,-0.3500,631.4420
0.43908,0.74082,0.621895,0.4911,315821.0000,275664.0000,Model23.1.0.h,-0.3000,631.0000
0.43040,0.77880,0.615225,0.4767,295873.0000,261761.0000,Model23.1.0.h,-0.2500,630.7390
0.42135,0.81873,0.61024,0.4618,276876.0000,248426.0000,Model23.1.0.h,-0.2000,630.6860
0.41192,0.86071,0.60698,0.4463,258796.0000,235623.0000,Model23.1.0.h,-0.1500,630.8700
0.40213,0.90484,0.60549,0.4303,241604.0000,223327.0000,Model23.1.0.h,-0.1000,631.3230
0.39198,0.95123,0.6058,0.4140,225276.0000,211513.0000,Model23.1.0.h,-0.0500,632.0800
0.38148,1.00000,0.60797,0.3974,209766.0000,200149.0000,Model23.1.0.h,0.0000,633.1750
0.37090,1.05127,0.61017,0.3809,195231.0000,189431.0000,Model23.1.0.h,0.0500,634.6620
0.35987,1.10517,0.61656,0.3653,177926.0000,178228.0000,Model23.1.0.h,0.1000,636.5370
0.35569,1.16183,0.624225,0.3601,179407.0000,179138.0000,Model23.1.0.h,0.1500,638.0490
0.34739,1.22140,0.632205,0.3490,167428.0000,172501.0000,Model23.1.0.h,0.2000,640.0210
0.33908,1.28403,0.641035,0.3383,156055.0000,165824.0000,Model23.1.0.h,0.2500,642.1840
0.33077,1.34986,0.65073,0.3278,145272.0000,159122.0000,Model23.1.0.h,0.3000,644.5480
0.32246,1.41907,0.661315,0.3176,135066.0000,152413.0000,Model23.1.0.h,0.3500,647.1230
0.31417,1.49182,0.67281,0.3077,125425.0000,145719.0000,Model23.1.0.h,0.4000,649.9210
0.30592,1.56831,0.685235,0.2980,116334.0000,139061.0000,Model23.1.0.h,0.4500,652.9540
0.30000,1.64872,0.69481,0.2916,110077.0000,134275.0000,Model23.1.0.h,0.5000,656.2640
0.42521,0.60653,1238480,0.5463,318110.0000,264608.0000,Model23.2.0.a,-0.5000,247.4720
0.41965,0.63763,1214030,0.5366,298621.0000,251210.0000,Model23.2.0.a,-0.4500,246.0120
0.41383,0.67032,1192580,0.5265,280128.0000,238451.0000,Model23.2.0.a,-0.4000,244.5620
0.40773,0.70469,1174150,0.5158,262589.0000,226298.0000,Model23.2.0.a,-0.3500,243.1330
0.40136,0.74082,1158820,0.5047,245965.0000,214724.0000,Model23.2.0.a,-0.3000,241.7420
0.39470,0.77880,1146660,0.4930,230218.0000,203699.0000,Model23.2.0.a,-0.2500,240.4060
0.38776,0.81873,1137760,0.4809,215315.0000,193197.0000,Model23.2.0.a,-0.2000,239.1460
0.38052,0.86071,1132260,0.4682,201223.0000,183193.0000,Model23.2.0.a,-0.1500,237.9860
0.37300,0.90484,1130310,0.4551,187911.0000,173666.0000,Model23.2.0.a,-0.1000,236.9570
0.36519,0.95123,1132070,0.4415,175353.0000,162073.0000,Model23.2.0.a,-0.0500,236.0910
0.35710,1.00000,1137760,0.4275,160778.0000,150184.0000,Model23.2.0.a,0.0000,235.4280
0.34874,1.05127,1147620,0.4132,142614.0000,140540.0000,Model23.2.0.a,0.0500,235.0140
0.34013,1.10517,1161900,0.3985,125988.0000,130960.0000,Model23.2.0.a,0.1000,234.8980
0.33127,1.16183,1180920,0.3836,110830.0000,121477.0000,Model23.2.0.a,0.1500,235.1390
0.32218,1.22140,1205030,0.3686,97070.7000,112133.0000,Model23.2.0.a,0.2000,235.8010
0.31289,1.28403,1234610,0.3534,84655.8000,102987.0000,Model23.2.0.a,0.2500,236.9540
0.30353,1.34986,1269600,0.3386,73924.2000,94434.1000,Model23.2.0.a,0.3000,238.6730
0.30000,1.41907,1286140,0.3329,69734.9000,90843.4000,Model23.2.0.a,0.3500,241.0340
0.30000,1.49182,1290770,0.3319,67527.6000,88833.2000,Model23.2.0.a,0.4000,244.6540
0.30000,1.56831,1295640,0.3308,65570.9000,87010.4000,Model23.2.0.a,0.4500,249.6680
0.30000,1.64872,1301150,0.3297,63784.2000,85301.8000,Model23.2.0.a,0.5000,256.1070
0.43442,0.60653,0.69345,0.4746,402952.0000,315354.0000,Model23.2.0.b,-0.5000,198.2980
0.42867,0.63763,0.679015,0.4642,378445.0000,299820.0000,Model23.2.0.b,-0.4500,197.5190
0.42266,0.67032,0.66623,0.4520,355091.0000,284970.0000,Model23.2.0.b,-0.4000,196.8190
0.41640,0.70469,0.65454,0.4410,333032.0000,270785.0000,Model23.2.0.b,-0.3500,196.1450
0.40987,0.74082,0.644165,0.4298,312122.0000,257224.0000,Model23.2.0.b,-0.3000,195.5400
0.40308,0.77880,0.635065,0.4183,292314.0000,244257.0000,Model23.2.0.b,-0.2500,195.0150
0.39601,0.81873,0.627195,0.4067,273567.0000,231855.0000,Model23.2.0.b,-0.2000,194.5810
0.38865,0.86071,0.62044,0.3958,255877.0000,219983.0000,Model23.2.0.b,-0.1500,194.2170
0.38101,0.90484,0.614975,0.3838,239118.0000,208626.0000,Model23.2.0.b,-0.1000,194.0040
0.37307,0.95123,0.61058,0.3718,223298.0000,197759.0000,Model23.2.0.b,-0.0500,193.9230
0.36483,1.00000,0.607185,0.3600,208378.0000,187359.0000,Model23.2.0.b,0.0000,193.9860
0.35626,1.05127,0.60472,0.3482,194320.0000,177403.0000,Model23.2.0.b,0.0500,194.2090
0.34735,1.10517,0.603115,0.3367,181086.0000,167873.0000,Model23.2.0.b,0.1000,194.6060
0.33807,1.16183,0.602335,0.3255,168639.0000,158748.0000,Model23.2.0.b,0.1500,195.1890
0.32840,1.22140,0.60247,0.3145,156243.0000,147806.0000,Model23.2.0.b,0.2000,195.9710
0.31833,1.28403,0.604005,0.3038,138703.0000,137853.0000,Model23.2.0.b,0.2500,196.9660
0.30828,1.34986,0.608965,0.2937,125062.0000,129485.0000,Model23.2.0.b,0.3000,198.1460
0.30000,1.41907,0.614905,0.2852,113937.0000,122097.0000,Model23.2.0.b,0.3500,199.4820
0.30000,1.49182,0.61604,0.2844,109170.0000,118359.0000,Model23.2.0.b,0.4000,201.6060
0.30000,1.56831,0.61817,0.2832,104751.0000,114736.0000,Model23.2.0.b,0.4500,204.7610
0.30000,1.64872,0.619255,0.2825,100677.0000,111321.0000,Model23.2.0.b,0.5000,209.0810
0.43322,0.60653,1377440,0.5730,393167.0000,311371.0000,Model23.2.0.c,-0.5000,184.5250
0.42735,0.63763,1351380,0.5592,368946.0000,295993.0000,Model23.2.0.c,-0.4500,183.6320
0.42122,0.67032,1327900,0.5451,345981.0000,281289.0000,Model23.2.0.c,-0.4000,182.7920
0.41483,0.70469,1306930,0.5306,324223.0000,267226.0000,Model23.2.0.c,-0.3500,182.0130
0.40818,0.74082,1288380,0.5160,303625.0000,253774.0000,Model23.2.0.c,-0.3000,181.3080
0.40127,0.77880,1272170,0.5011,284142.0000,240907.0000,Model23.2.0.c,-0.2500,180.6850
0.39407,0.81873,1258220,0.4862,265730.0000,228598.0000,Model23.2.0.c,-0.2000,180.1590
0.38661,0.86071,1246430,0.4712,248346.0000,216824.0000,Model23.2.0.c,-0.1500,179.7390
0.37885,0.90484,1236670,0.4563,231951.0000,205562.0000,Model23.2.0.c,-0.1000,179.4400
0.37080,0.95123,1228800,0.4415,216506.0000,194792.0000,Model23.2.0.c,-0.0500,179.2740
0.36245,1.00000,1222630,0.4268,201974.0000,184493.0000,Model23.2.0.c,0.0000,179.2530
0.35377,1.05127,1217940,0.4125,188318.0000,174648.0000,Model23.2.0.c,0.0500,179.3900
0.34474,1.10517,1214540,0.3985,175503.0000,165240.0000,Model23.2.0.c,0.1000,179.6960
0.33533,1.16183,1212450,0.3850,163486.0000,154516.0000,Model23.2.0.c,0.1500,180.1820
0.32551,1.22140,1212350,0.3720,145759.0000,144395.0000,Model23.2.0.c,0.2000,180.8580
0.31530,1.28403,1215940,0.3592,129326.0000,134309.0000,Model23.2.0.c,0.2500,181.7340
0.30509,1.34986,1226660,0.3470,116189.0000,125631.0000,Model23.2.0.c,0.3000,182.7960
0.30000,1.41907,1237330,0.3397,107864.0000,119488.0000,Model23.2.0.c,0.3500,184.1030
0.30000,1.49182,1243310,0.3374,103619.0000,115733.0000,Model23.2.0.c,0.4000,186.3240
0.30000,1.56831,1248100,0.3354,99808.2000,112221.0000,Model23.2.0.c,0.4500,189.6020
0.30000,1.64872,1251610,0.3337,96216.7000,108870.0000,Model23.2.0.c,0.5000,193.9630
0.45776,0.60653,1389310,0.6169,418195.0000,319537.0000,Model23.2.0.d,-0.5000,160.5540
0.45188,0.63763,1360360,0.6024,392892.0000,304070.0000,Model23.2.0.d,-0.4500,160.2210
0.44576,0.67032,1333970,0.5875,368906.0000,289291.0000,Model23.2.0.d,-0.4000,159.9510
0.43939,0.70469,1310070,0.5723,346181.0000,275167.0000,Model23.2.0.d,-0.3500,159.7500
0.43277,0.74082,1288600,0.5569,324664.0000,261666.0000,Model23.2.0.d,-0.3000,159.6280
0.42589,0.77880,1269490,0.5414,304304.0000,248758.0000,Model23.2.0.d,-0.2500,159.5950
0.41874,0.81873,1252700,0.5257,285054.0000,236416.0000,Model23.2.0.d,-0.2000,159.6610
0.41134,0.86071,1238190,0.5100,266864.0000,224613.0000,Model23.2.0.d,-0.1500,159.8370
0.40367,0.90484,1225890,0.4942,249690.0000,213325.0000,Model23.2.0.d,-0.1000,160.1350
0.39573,0.95123,1215770,0.4785,233488.0000,202530.0000,Model23.2.0.d,-0.0500,160.5690
0.38752,1.00000,1207790,0.4629,218214.0000,192204.0000,Model23.2.0.d,0.0000,161.1520
0.37902,1.05127,1201890,0.4475,203827.0000,182327.0000,Model23.2.0.d,0.0500,161.8980
0.37024,1.10517,1198200,0.4323,190354.0000,172928.0000,Model23.2.0.d,0.1000,162.8220
0.36115,1.16183,1199250,0.4176,178727.0000,162358.0000,Model23.2.0.d,0.1500,163.9240
0.35185,1.22140,1204470,0.4034,168696.0000,151998.0000,Model23.2.0.d,0.2000,165.1560
0.34238,1.28403,1211080,0.3897,154349.0000,143965.0000,Model23.2.0.d,0.2500,166.5130
0.33273,1.34986,1219110,0.3764,140339.0000,136249.0000,Model23.2.0.d,0.3000,168.0010
0.32290,1.41907,1237010,0.3731,127641.0000,128604.0000,Model23.2.0.d,0.3500,169.3360
0.31288,1.49182,1248650,0.3605,115562.0000,120937.0000,Model23.2.0.d,0.4000,171.1060
0.30269,1.56831,1263080,0.3482,104329.0000,113315.0000,Model23.2.0.d,0.4500,173.0260
0.30000,1.64872,1269430,0.3444,98129.5000,108453.0000,Model23.2.0.d,0.5000,175.3480
0.46644,0.60653,1370330,0.6546,427393.0000,323261.0000,Model23.2.0.e,-0.5000,161.7160
0.46043,0.63763,1339830,0.6380,401873.0000,307802.0000,Model23.2.0.e,-0.4500,161.3480
0.45419,0.67032,1311580,0.6230,377756.0000,293041.0000,Model23.2.0.e,-0.4000,161.0090
0.44776,0.70469,1283520,0.5995,354999.0000,279048.0000,Model23.2.0.e,-0.3500,160.9530
0.44094,0.74082,1262790,0.5925,333209.0000,265435.0000,Model23.2.0.e,-0.3000,160.4980
0.43392,0.77880,1242290,0.5758,312620.0000,252535.0000,Model23.2.0.e,-0.2500,160.3730
0.42663,0.81873,1224100,0.5590,293138.0000,240205.0000,Model23.2.0.e,-0.2000,160.3400
0.41909,0.86071,1207350,0.5433,274725.0000,228470.0000,Model23.2.0.e,-0.1500,160.4330
0.41126,0.90484,1193450,0.5268,257320.0000,217204.0000,Model23.2.0.e,-0.1000,160.6120
0.40315,0.95123,1182610,0.5092,240892.0000,206386.0000,Model23.2.0.e,-0.0500,160.8930
0.39478,1.00000,1172950,0.4929,225404.0000,196093.0000,Model23.2.0.e,0.0000,161.3370
0.38613,1.05127,1165260,0.4769,210812.0000,186257.0000,Model23.2.0.e,0.0500,161.9320
0.37720,1.10517,1159500,0.4612,197081.0000,176859.0000,Model23.2.0.e,0.1000,162.6930
0.36798,1.16183,1155790,0.4460,184257.0000,167941.0000,Model23.2.0.e,0.1500,163.6340
0.35854,1.22140,1157210,0.4314,173436.0000,158659.0000,Model23.2.0.e,0.2000,164.7530
0.34896,1.28403,1162430,0.4176,164083.0000,148869.0000,Model23.2.0.e,0.2500,166.0020
0.33923,1.34986,1167620,0.4051,150420.0000,141458.0000,Model23.2.0.e,0.3000,167.3980
0.32932,1.41907,1176820,0.3913,137213.0000,134213.0000,Model23.2.0.e,0.3500,168.8860
0.31925,1.49182,1186290,0.3790,124966.0000,127040.0000,Model23.2.0.e,0.4000,170.5370
0.30900,1.56831,1193410,0.3660,113620.0000,120025.0000,Model23.2.0.e,0.4500,172.4480
0.30000,1.64872,1210640,0.3567,103689.0000,113224.0000,Model23.2.0.e,0.5000,174.3020
0.45709,0.60653,1232150,0.6671,431415.0000,324805.0000,Model23.2.0.f,-0.5000,163.7010
0.45116,0.63763,1206690,0.6514,405068.0000,308759.0000,Model23.2.0.f,-0.4500,163.3790
0.44500,0.67032,1183920,0.6353,380058.0000,293426.0000,Model23.2.0.f,-0.4000,163.1140
0.43858,0.70469,1163800,0.6188,356333.0000,278772.0000,Model23.2.0.f,-0.3500,162.9150
0.43192,0.74082,1146330,0.6019,333839.0000,264761.0000,Model23.2.0.f,-0.3000,162.7910
0.42500,0.77880,1131560,0.5846,312522.0000,251361.0000,Model23.2.0.f,-0.2500,162.7530
0.41782,0.81873,1119500,0.5669,292336.0000,238543.0000,Model23.2.0.f,-0.2000,162.8140
0.41039,0.86071,1110120,0.5490,273244.0000,226283.0000,Model23.2.0.f,-0.1500,162.9860
0.40271,0.90484,1103420,0.5310,255203.0000,214559.0000,Model23.2.0.f,-0.1000,163.2860
0.39478,0.95123,1099470,0.5130,238170.0000,203347.0000,Model23.2.0.f,-0.0500,163.7290
0.38659,1.00000,1098340,0.4950,222098.0000,192624.0000,Model23.2.0.f,0.0000,164.3340
0.37815,1.05127,1100160,0.4771,206947.0000,182370.0000,Model23.2.0.f,0.0500,165.1210
0.36946,1.10517,1105380,0.4594,192893.0000,172718.0000,Model23.2.0.f,0.1000,166.1110
0.36048,1.16183,1115340,0.4430,181566.0000,164870.0000,Model23.2.0.f,0.1500,167.3140
0.35139,1.22140,1130010,0.4261,171149.0000,157479.0000,Model23.2.0.f,0.2000,168.6000
0.34220,1.28403,1146280,0.4100,161264.0000,147846.0000,Model23.2.0.f,0.2500,170.0750
0.33293,1.34986,1165260,0.3943,148561.0000,138212.0000,Model23.2.0.f,0.3000,171.7220
0.32360,1.41907,1187050,0.3789,133601.0000,129954.0000,Model23.2.0.f,0.3500,173.5570
0.31423,1.49182,1211830,0.3640,119847.0000,121726.0000,Model23.2.0.f,0.4000,175.6000
0.30483,1.56831,1239780,0.3494,107243.0000,113579.0000,Model23.2.0.f,0.4500,177.8720
0.30000,1.64872,1257380,0.3417,98783.6000,107460.0000,Model23.2.0.f,0.5000,180.5200
0.46719,0.60653,1194650,0.6949,445362.0000,329885.0000,Model23.2.0.g,-0.5000,165.7800
0.46109,0.63763,1168610,0.6791,418436.0000,313812.0000,Model23.2.0.g,-0.4500,165.3570
0.45480,0.67032,1142690,0.6550,393186.0000,298658.0000,Model23.2.0.g,-0.4000,165.1970
0.44820,0.70469,1121730,0.6386,368924.0000,283986.0000,Model23.2.0.g,-0.3500,164.8760
0.44128,0.74082,1106650,0.6289,345526.0000,269698.0000,Model23.2.0.g,-0.3000,164.4000
0.43416,0.77880,1091410,0.6104,323638.0000,256248.0000,Model23.2.0.g,-0.2500,164.2350
0.42678,0.81873,1077420,0.5932,303018.0000,243473.0000,Model23.2.0.g,-0.2000,164.1860
0.41914,0.86071,1067040,0.5746,283420.0000,231178.0000,Model23.2.0.g,-0.1500,164.2150
0.41150,0.90484,1047570,0.5488,266075.0000,220128.0000,Model23.2.0.g,-0.1000,164.6480
0.40331,0.95123,1042750,0.5309,248355.0000,208804.0000,Model23.2.0.g,-0.0500,164.9000
0.39487,1.00000,1040520,0.5130,231643.0000,197973.0000,Model23.2.0.g,0.0000,165.3060
0.38618,1.05127,1040980,0.4952,215892.0000,187612.0000,Model23.2.0.g,0.0500,165.8860
0.37724,1.10517,1044260,0.4774,201059.0000,177702.0000,Model23.2.0.g,0.1000,166.6620
0.36808,1.16183,1050680,0.4598,187267.0000,168337.0000,Model23.2.0.g,0.1500,167.6570
0.35882,1.22140,1062310,0.4431,176339.0000,160807.0000,Model23.2.0.g,0.2000,168.8570
0.34949,1.28403,1076790,0.4270,166487.0000,153913.0000,Model23.2.0.g,0.2500,170.2140
0.34008,1.34986,1093640,0.4112,157196.0000,145108.0000,Model23.2.0.g,0.3000,171.7410
0.33063,1.41907,1112900,0.3959,144893.0000,136111.0000,Model23.2.0.g,0.3500,173.4510
0.32113,1.49182,1134750,0.3810,130647.0000,128364.0000,Model23.2.0.g,0.4000,175.3640
0.31161,1.56831,1159300,0.3665,117584.0000,120652.0000,Model23.2.0.g,0.4500,177.5000
0.30211,1.64872,1186680,0.3525,105635.0000,113020.0000,Model23.2.0.g,0.5000,179.8780
0.46497,0.60653,0.61816,0.5020,414337.0000,321386.0000,Model23.2.0.h,-0.5000,650.0920
0.45804,0.63763,0.605065,0.4923,390619.0000,306500.0000,Model23.2.0.h,-0.4500,649.1840
0.45069,0.67032,0.593675,0.4816,367910.0000,292224.0000,Model23.2.0.h,-0.4000,648.3520
0.44293,0.70469,0.58393,0.4702,346197.0000,278532.0000,Model23.2.0.h,-0.3500,647.6180
0.43475,0.74082,0.57579,0.4582,325461.0000,265400.0000,Model23.2.0.h,-0.3000,647.0060
0.42618,0.77880,0.569235,0.4458,305682.0000,252806.0000,Model23.2.0.h,-0.2500,646.5380
0.41726,0.81873,0.564125,0.4336,286872.0000,240768.0000,Model23.2.0.h,-0.2000,646.2410
0.40791,0.86071,0.560875,0.4204,268896.0000,229137.0000,Model23.2.0.h,-0.1500,646.1470
0.39818,0.90484,0.559325,0.4069,251790.0000,217960.0000,Model23.2.0.h,-0.1000,646.2890
0.38810,0.95123,0.55954,0.3931,235522.0000,207214.0000,Model23.2.0.h,-0.0500,646.7050
0.37767,1.00000,0.56162,0.3792,220064.0000,196877.0000,Model23.2.0.h,0.0000,647.4350
0.36691,1.05127,0.565695,0.3651,205383.0000,186926.0000,Model23.2.0.h,0.0500,648.5230
0.35583,1.10517,0.57187,0.3510,191453.0000,177344.0000,Model23.2.0.h,0.1000,650.0180
0.34445,1.16183,0.580305,0.3369,178249.0000,168117.0000,Model23.2.0.h,0.1500,651.9730
0.33342,1.22140,0.591115,0.3237,167017.0000,160137.0000,Model23.2.0.h,0.2000,654.4250
0.32340,1.28403,0.603655,0.3122,156498.0000,154449.0000,Model23.2.0.h,0.2500,657.2380
0.31337,1.34986,0.617735,0.3011,142205.0000,147649.0000,Model23.2.0.h,0.3000,660.3790
0.30335,1.41907,0.633455,0.2902,128910.0000,139734.0000,Model23.2.0.h,0.3500,663.8810
0.30000,1.49182,0.636145,0.2799,121283.0000,135043.0000,Model23.2.0.h,0.4000,668.2940
0.30000,1.56831,0.637325,0.2807,116752.0000,131828.0000,Model23.2.0.h,0.4500,674.3430
0.30000,1.64872,0.63882,0.2815,112396.0000,128679.0000,Model23.2.0.h,0.5000,682.4030
0.47548,0.60653,1480800,0.8828,404303.0000,291336.0000,Model23.1.1a,-0.5000,322.8040
0.46908,0.63763,1451320,0.8599,379754.0000,277544.0000,Model23.1.1a,-0.4500,321.9550
0.46240,0.67032,1424890,0.8366,356478.0000,264385.0000,Model23.1.1a,-0.4000,321.2110
0.45544,0.70469,1401480,0.8128,334420.0000,251823.0000,Model23.1.1a,-0.3500,320.5890
0.44819,0.74082,1381080,0.7886,313526.0000,239827.0000,Model23.1.1a,-0.3000,320.1070
0.44065,0.77880,1363680,0.7641,293744.0000,227672.0000,Model23.1.1a,-0.2500,319.7860
0.43282,0.81873,1349300,0.7393,275029.0000,213688.0000,Model23.1.1a,-0.2000,319.6470
0.43248,0.86071,1382410,0.7424,292695.0000,229129.0000,Model23.1.1a,-0.1500,318.2740
0.42632,0.90484,1377270,0.7243,281378.0000,221771.0000,Model23.1.1a,-0.1000,317.8550
0.42013,0.95123,1373380,0.7066,270610.0000,213906.0000,Model23.1.1a,-0.0500,317.4980
0.41393,1.00000,1370690,0.6892,260357.0000,206285.0000,Model23.1.1a,0.0000,317.2080
0.40770,1.05127,1369160,0.6723,250589.0000,198897.0000,Model23.1.1a,0.0500,316.9870
0.40147,1.10517,1368760,0.6556,241279.0000,191733.0000,Model23.1.1a,0.1000,316.8380
0.39523,1.16183,1369460,0.6394,232401.0000,184786.0000,Model23.1.1a,0.1500,316.7660
0.38899,1.22140,1371230,0.6235,223931.0000,178048.0000,Model23.1.1a,0.2000,316.7730
0.38276,1.28403,1374040,0.6080,215851.0000,171517.0000,Model23.1.1a,0.2500,316.8620
0.37655,1.34986,1377860,0.5929,208140.0000,165187.0000,Model23.1.1a,0.3000,317.0380
0.37036,1.41907,1382670,0.5782,197982.0000,160287.0000,Model23.1.1a,0.3500,317.3020
0.36419,1.49182,1388440,0.5639,187442.0000,155838.0000,Model23.1.1a,0.4000,317.6590
0.35806,1.56831,1395150,0.5499,177446.0000,151404.0000,Model23.1.1a,0.4500,318.1110
0.35196,1.64872,1402770,0.5363,167960.0000,146987.0000,Model23.1.1a,0.5000,318.6620
0.46611,0.60653,1285650,0.6691,428752.0000,326545.0000,Model23.1.1b,-0.5000,294.8420
0.46063,0.63763,1256550,0.6547,403627.0000,311090.0000,Model23.1.1b,-0.4500,294.6010
0.45497,0.67032,1229130,0.6405,379951.0000,296372.0000,Model23.1.1b,-0.4000,294.4250
0.45283,0.70469,1190590,0.6535,364916.0000,283287.0000,Model23.1.1b,-0.3500,294.2430
0.44671,0.74082,1165360,0.6395,343731.0000,270034.0000,Model23.1.1b,-0.3000,294.2840
0.43663,0.77880,1156590,0.5993,316769.0000,256250.0000,Model23.1.1b,-0.2500,294.3390
0.42995,0.81873,1135630,0.5860,298051.0000,244101.0000,Model23.1.1b,-0.2000,294.4810
0.42296,0.86071,1116210,0.5730,280402.0000,232520.0000,Model23.1.1b,-0.1500,294.7210
0.41564,0.90484,1098260,0.5603,263774.0000,221483.0000,Model23.1.1b,-0.1000,295.0700
0.40798,0.95123,1081850,0.5478,248098.0000,210959.0000,Model23.1.1b,-0.0500,295.5350
0.39994,1.00000,1067210,0.5356,233283.0000,200905.0000,Model23.1.1b,0.0000,296.1270
0.39153,1.05127,1054790,0.5234,219244.0000,191285.0000,Model23.1.1b,0.0500,296.8530
0.38274,1.10517,1045060,0.5110,205894.0000,182058.0000,Model23.1.1b,0.1000,297.7240
0.37358,1.16183,1038440,0.4983,193155.0000,173183.0000,Model23.1.1b,0.1500,298.7520
0.36403,1.22140,1035200,0.4851,180977.0000,164630.0000,Model23.1.1b,0.2000,299.9480
0.35409,1.28403,1035640,0.4713,169319.0000,154241.0000,Model23.1.1b,0.2500,301.3240
0.34373,1.34986,1040200,0.4570,157339.0000,142300.0000,Model23.1.1b,0.3000,302.8910
0.33294,1.41907,1049620,0.4418,139337.0000,133262.0000,Model23.1.1b,0.3500,304.6590
0.32169,1.49182,1065020,0.4254,122344.0000,123976.0000,Model23.1.1b,0.4000,306.6340
0.31000,1.56831,1087540,0.4076,106344.0000,114417.0000,Model23.1.1b,0.4500,308.8370
0.30000,1.64872,1112250,0.3917,92421.3000,105164.0000,Model23.1.1b,0.5000,311.3050
0.45740,0.60653,0.681145,0.4998,430441.0000,330460.0000,Model23.1.1.c,-0.5000,291.7580
0.46061,0.63763,0.63256,0.5234,403207.0000,311073.0000,Model23.1.1.c,-0.4500,294.3500
0.45495,0.67032,0.61894,0.5123,379475.0000,296333.0000,Model23.1.1.c,-0.4000,294.1720
0.45285,0.70469,0.599935,0.5210,364197.0000,283179.0000,Model23.1.1.c,-0.3500,293.9840
0.44678,0.74082,0.58567,0.5115,343308.0000,269981.0000,Model23.1.1.c,-0.3000,294.1080
0.42651,0.77880,0.62406,0.4412,316718.0000,258930.0000,Model23.1.1.c,-0.2500,290.7420
0.41977,0.81873,0.615255,0.4299,297664.0000,246524.0000,Model23.1.1.c,-0.2000,290.7930
0.41277,0.86071,0.60736,0.4186,279675.0000,234675.0000,Model23.1.1.c,-0.1500,290.9450
0.40546,0.90484,0.60043,0.4075,262669.0000,223344.0000,Model23.1.1.c,-0.1000,291.2080
0.39785,0.95123,0.594435,0.3964,246597.0000,212507.0000,Model23.1.1.c,-0.0500,291.5930
0.38994,1.00000,0.589285,0.3855,231430.0000,202151.0000,Model23.1.1.c,0.0000,292.1130
0.38171,1.05127,0.585,0.3748,217132.0000,192260.0000,Model23.1.1.c,0.0500,292.7800
0.37316,1.10517,0.581425,0.3643,203673.0000,182819.0000,Model23.1.1.c,0.1000,293.6080
0.36429,1.16183,0.57836,0.3543,191033.0000,173814.0000,Model23.1.1.c,0.1500,294.6100
0.35511,1.22140,0.57572,0.3448,179176.0000,165231.0000,Model23.1.1.c,0.2000,295.7970
0.34560,1.28403,0.573735,0.3358,168033.0000,153662.0000,Model23.1.1.c,0.2500,297.1790
0.33575,1.34986,0.572975,0.3270,154530.0000,143275.0000,Model23.1.1.c,0.3000,298.7690
0.32554,1.41907,0.573945,0.3183,138414.0000,134405.0000,Model23.1.1.c,0.3500,300.5790
0.31498,1.49182,0.5767,0.3097,123355.0000,125518.0000,Model23.1.1.c,0.4000,302.6200
0.30401,1.56831,0.58055,0.3019,109458.0000,116741.0000,Model23.1.1.c,0.4500,304.8880
0.30000,1.64872,0.579515,0.3017,98694.3000,109533.0000,Model23.1.1.c,0.5000,307.5690
0.40773,0.60653,1405020,0.4932,283085.0000,243473.0000,Model 22.2 old,-0.5000,10893.2000
0.40221,0.63763,1380740,0.4886,267257.0000,231967.0000,Model 22.2 old,-0.4500,10889.1000
0.39647,0.67032,1360140,0.4801,251924.0000,220867.0000,Model 22.2 old,-0.4000,10886.2000
0.39047,0.70469,1343980,0.4684,237170.0000,210231.0000,Model 22.2 old,-0.3500,10884.0000
0.38417,0.74082,1331460,0.4532,222957.0000,199983.0000,Model 22.2 old,-0.3000,10883.0000
0.37755,0.77880,1320770,0.4479,210022.0000,190460.0000,Model 22.2 old,-0.2500,10879.5000
0.37040,0.81873,1319240,0.4273,198745.0000,181953.0000,Model 22.2 old,-0.2000,10878.7000
0.36350,0.86071,1312620,0.4245,185474.0000,167867.0000,Model 22.2 old,-0.1500,10876.4000
0.35599,0.90484,1314540,0.4122,173676.0000,155598.0000,Model 22.2 old,-0.1000,10875.5000
0.34816,0.95123,1321040,0.3989,155751.0000,146301.0000,Model 22.2 old,-0.0500,10875.3000
0.33983,1.00000,1333060,0.3848,139396.0000,137214.0000,Model 22.2 old,0.0000,10875.3000
0.33137,1.05127,1349000,0.3711,124159.0000,128133.0000,Model 22.2 old,0.0500,10876.2000
0.32261,1.10517,1370190,0.3573,109850.0000,119010.0000,Model 22.2 old,0.1000,10878.1000
0.31357,1.16183,1396580,0.3427,96322.8000,109750.0000,Model 22.2 old,0.1500,10881.6000
0.30415,1.22140,1430320,0.3294,84256.6000,100832.0000,Model 22.2 old,0.2000,10885.1000
0.29433,1.28403,1471980,0.3157,73860.8000,92519.7000,Model 22.2 old,0.2500,10888.8000
0.28428,1.34986,1521020,0.3020,63863.8000,83996.4000,Model 22.2 old,0.3000,10894.6000
0.27398,1.41907,1579750,0.2884,54793.6000,75679.9000,Model 22.2 old,0.3500,10901.8000
0.26340,1.49182,1648870,0.2750,46705.5000,67700.8000,Model 22.2 old,0.4000,10910.5000
0.25118,1.56831,1752750,0.2583,38864.8000,59398.4000,Model 22.2 old,0.4500,10918.6000
0.23949,1.64872,1857170,0.2446,32331.1000,51935.7000,Model 22.2 old,0.5000,10929.1000
0.38704,0.60653,1442350,0.4570,271754.0000,233327.0000,Model 22.2 update,-0.5000,18422.9000
0.38150,0.63763,1421740,0.4471,255859.0000,222109.0000,Model 22.2 update,-0.4500,18416.2000
0.37456,0.67032,1411600,0.4220,243387.0000,213090.0000,Model 22.2 update,-0.4000,18436.8000
0.36907,0.70469,1391210,0.4128,228761.0000,202348.0000,Model 22.2 update,-0.3500,18428.0000
0.36290,0.74082,1380470,0.4021,215469.0000,192820.0000,Model 22.2 update,-0.3000,18423.2000
0.35844,0.77880,1374400,0.3930,203764.0000,184339.0000,Model 22.2 update,-0.2500,18421.1000
0.35508,0.81873,1373320,0.3841,197080.0000,179781.0000,Model 22.2 update,-0.2000,18395.8000
0.34315,0.86071,1373300,0.3785,178059.0000,161963.0000,Model 22.2 update,-0.1500,18386.3000
0.33931,0.90484,1373760,0.3698,171562.0000,155643.0000,Model 22.2 update,-0.1000,18363.3000
0.32941,0.95123,1378080,0.3655,145927.0000,139004.0000,Model 22.2 update,-0.0500,18369.5000
0.32327,1.00000,1391800,0.3544,131010.0000,130620.0000,Model 22.2 update,0.0000,18371.6000
0.31531,1.05127,1406380,0.3426,116051.0000,121292.0000,Model 22.2 update,0.0500,18369.2000
0.30354,1.10517,1432400,0.3254,100861.0000,111728.0000,Model 22.2 update,0.1000,18378.6000
0.29272,1.16183,1469720,0.3103,87638.2000,102230.0000,Model 22.2 update,0.1500,18375.7000
0.28313,1.22140,1520330,0.2960,76414.2000,93746.6000,Model 22.2 update,0.2000,18378.1000
0.27858,1.28403,1563690,0.2889,67806.4000,86499.6000,Model 22.2 update,0.2500,18380.9000
0.26428,1.34986,1646800,0.2696,56385.1000,76732.4000,Model 22.2 update,0.3000,18392.3000
0.25537,1.41907,1688890,0.2598,48722.7000,69103.4000,Model 22.2 update,0.3500,18397.4000
0.24468,1.49182,1777490,0.2466,41082.4000,61266.8000,Model 22.2 update,0.4000,18406.1000
0.23341,1.56831,1892480,0.2328,34216.0000,53734.9000,Model 22.2 update,0.4500,18415.7000
0.22210,1.64872,2019210,0.2199,28214.1000,46606.6000,Model 22.2 update,0.5000,18428.7000
