year,delivery,adfg,vessel_name,tendered,landing_date,sample_date,port,mgmt_area,nmfs_area,gear_code,ft_number,landing_rpt,tkt_weight,spcode,sex,length,nfish
2023,OPC23F0001,77144,Magnus Martens,N,2023-02-16,02-16-2023,Dutch Harbor,O,,91,E23  002225,8885774,71322,110,,47,1
2023,OPC23F0001,77144,Magnus Martens,N,2023-02-16,02-16-2023,Dutch Harbor,O,,91,E23  002225,8885774,71322,110,,48,1
2023,OPC23F0001,77144,Magnus Martens,N,2023-02-16,02-16-2023,Dutch Harbor,O,,91,E23  002225,8885774,71322,110,,50,1
2023,OPC23F0001,77144,Magnus Martens,N,2023-02-16,02-16-2023,Dutch Harbor,O,,91,E23  002225,8885774,71322,110,,52,1
2023,OPC23F0001,77144,Magnus Martens,N,2023-02-16,02-16-2023,Dutch Harbor,O,,91,E23  002225,8885774,71322,110,,53,1
2023,OPC23F0001,77144,Magnus Martens,N,2023-02-16,02-16-2023,Dutch Harbor,O,,91,E23  002225,8885774,71322,110,,56,1
2023,OPC23F0001,77144,Magnus Martens,N,2023-02-16,02-16-2023,Dutch Harbor,O,,91,E23  002225,8885774,71322,110,,58,2
2023,OPC23F0001,77144,Magnus Martens,N,2023-02-16,02-16-2023,Dutch Harbor,O,,91,E23  002225,8885774,71322,110,,59,3
2023,OPC23F0001,77144,Magnus Martens,N,2023-02-16,02-16-2023,Dutch Harbor,O,,91,E23  002225,8885774,71322,110,,60,6
2023,OPC23F0001,77144,Magnus Martens,N,2023-02-16,02-16-2023,Dutch Harbor,O,,91,E23  002225,8885774,71322,110,,61,7
2023,OPC23F0001,77144,Magnus Martens,N,2023-02-16,02-16-2023,Dutch Harbor,O,,91,E23  002225,8885774,71322,110,,62,7
2023,OPC23F0001,77144,Magnus Martens,N,2023-02-16,02-16-2023,Dutch Harbor,O,,91,E23  002225,8885774,71322,110,,63,8
2023,OPC23F0001,77144,Magnus Martens,N,2023-02-16,02-16-2023,Dutch Harbor,O,,91,E23  002225,8885774,71322,110,,64,7
2023,OPC23F0001,77144,Magnus Martens,N,2023-02-16,02-16-2023,Dutch Harbor,O,,91,E23  002225,8885774,71322,110,,65,6
2023,OPC23F0001,77144,Magnus Martens,N,2023-02-16,02-16-2023,Dutch Harbor,O,,91,E23  002225,8885774,71322,110,,66,9
2023,OPC23F0001,77144,Magnus Martens,N,2023-02-16,02-16-2023,Dutch Harbor,O,,91,E23  002225,8885774,71322,110,,67,7
2023,OPC23F0001,77144,Magnus Martens,N,2023-02-16,02-16-2023,Dutch Harbor,O,,91,E23  002225,8885774,71322,110,,68,4
2023,OPC23F0001,77144,Magnus Martens,N,2023-02-16,02-16-2023,Dutch Harbor,O,,91,E23  002225,8885774,71322,110,,69,1
2023,OPC23F0001,77144,Magnus Martens,N,2023-02-16,02-16-2023,Dutch Harbor,O,,91,E23  002225,8885774,71322,110,,70,4
2023,OPC23F0001,77144,Magnus Martens,N,2023-02-16,02-16-2023,Dutch Harbor,O,,91,E23  002225,8885774,71322,110,,71,3
2023,OPC23F0001,77144,Magnus Martens,N,2023-02-16,02-16-2023,Dutch Harbor,O,,91,E23  002225,8885774,71322,110,,72,4
2023,OPC23F0001,77144,Magnus Martens,N,2023-02-16,02-16-2023,Dutch Harbor,O,,91,E23  002225,8885774,71322,110,,73,1
2023,OPC23F0001,77144,Magnus Martens,N,2023-02-16,02-16-2023,Dutch Harbor,O,,91,E23  002225,8885774,71322,110,,75,1
2023,OPC23F0001,77144,Magnus Martens,N,2023-02-16,02-16-2023,Dutch Harbor,O,,91,E23  002225,8885774,71322,110,,76,1
2023,OPC23F0001,77144,Magnus Martens,N,2023-02-16,02-16-2023,Dutch Harbor,O,,91,E23  002225,8885774,71322,110,,81,1
2023,OPC23F0001,77144,Magnus Martens,N,2023-02-16,02-16-2023,Dutch Harbor,O,,91,E23  002225,8885774,71322,110,,82,1
2023,OPC23F0001,77144,Magnus Martens,N,2023-02-16,02-16-2023,Dutch Harbor,O,,91,E23  002225,8885774,71322,110,,85,3
2023,OPC23F0001,77144,Magnus Martens,N,2023-02-16,02-16-2023,Dutch Harbor,O,,91,E23  002225,8885774,71322,110,,86,1
2023,OPC23F0001,77144,Magnus Martens,N,2023-02-16,02-16-2023,Dutch Harbor,O,,91,E23  002225,8885774,71322,110,,89,2
2023,OPC23F0001,77144,Magnus Martens,N,2023-02-16,02-16-2023,Dutch Harbor,O,,91,E23  002225,8885774,71322,110,,90,1
2023,OPC23F0001,77144,Magnus Martens,N,2023-02-16,02-16-2023,Dutch Harbor,O,,91,E23  002225,8885774,71322,110,,92,3
2023,OPC23F0001,77144,Magnus Martens,N,2023-02-16,02-16-2023,Dutch Harbor,O,,91,E23  002225,8885774,71322,110,,93,1
2023,OPC23F0002,999999,Multi Vessel/Mixed Delivery,Y,2023-02-23,02-23-2023,Dutch Harbor,O,,91,D23  000827/D23  00826,8876236/8876235,270085,110,,47,1
2023,OPC23F0002,999999,Multi Vessel/Mixed Delivery,Y,2023-02-23,02-23-2023,Dutch Harbor,O,,91,D23  000827/D23  00826,8876236/8876235,270085,110,,48,2
2023,OPC23F0002,999999,Multi Vessel/Mixed Delivery,Y,2023-02-23,02-23-2023,Dutch Harbor,O,,91,D23  000827/D23  00826,8876236/8876235,270085,110,,50,2
2023,OPC23F0002,999999,Multi Vessel/Mixed Delivery,Y,2023-02-23,02-23-2023,Dutch Harbor,O,,91,D23  000827/D23  00826,8876236/8876235,270085,110,,51,1
2023,OPC23F0002,999999,Multi Vessel/Mixed Delivery,Y,2023-02-23,02-23-2023,Dutch Harbor,O,,91,D23  000827/D23  00826,8876236/8876235,270085,110,,52,2
2023,OPC23F0002,999999,Multi Vessel/Mixed Delivery,Y,2023-02-23,02-23-2023,Dutch Harbor,O,,91,D23  000827/D23  00826,8876236/8876235,270085,110,,53,1
2023,OPC23F0002,999999,Multi Vessel/Mixed Delivery,Y,2023-02-23,02-23-2023,Dutch Harbor,O,,91,D23  000827/D23  00826,8876236/8876235,270085,110,,54,1
2023,OPC23F0002,999999,Multi Vessel/Mixed Delivery,Y,2023-02-23,02-23-2023,Dutch Harbor,O,,91,D23  000827/D23  00826,8876236/8876235,270085,110,,55,5
2023,OPC23F0002,999999,Multi Vessel/Mixed Delivery,Y,2023-02-23,02-23-2023,Dutch Harbor,O,,91,D23  000827/D23  00826,8876236/8876235,270085,110,,56,3
2023,OPC23F0002,999999,Multi Vessel/Mixed Delivery,Y,2023-02-23,02-23-2023,Dutch Harbor,O,,91,D23  000827/D23  00826,8876236/8876235,270085,110,,57,5
2023,OPC23F0002,999999,Multi Vessel/Mixed Delivery,Y,2023-02-23,02-23-2023,Dutch Harbor,O,,91,D23  000827/D23  00826,8876236/8876235,270085,110,,58,6
2023,OPC23F0002,999999,Multi Vessel/Mixed Delivery,Y,2023-02-23,02-23-2023,Dutch Harbor,O,,91,D23  000827/D23  00826,8876236/8876235,270085,110,,59,2
2023,OPC23F0002,999999,Multi Vessel/Mixed Delivery,Y,2023-02-23,02-23-2023,Dutch Harbor,O,,91,D23  000827/D23  00826,8876236/8876235,270085,110,,60,9
2023,OPC23F0002,999999,Multi Vessel/Mixed Delivery,Y,2023-02-23,02-23-2023,Dutch Harbor,O,,91,D23  000827/D23  00826,8876236/8876235,270085,110,,61,7
2023,OPC23F0002,999999,Multi Vessel/Mixed Delivery,Y,2023-02-23,02-23-2023,Dutch Harbor,O,,91,D23  000827/D23  00826,8876236/8876235,270085,110,,62,6
2023,OPC23F0002,999999,Multi Vessel/Mixed Delivery,Y,2023-02-23,02-23-2023,Dutch Harbor,O,,91,D23  000827/D23  00826,8876236/8876235,270085,110,,63,5
2023,OPC23F0002,999999,Multi Vessel/Mixed Delivery,Y,2023-02-23,02-23-2023,Dutch Harbor,O,,91,D23  000827/D23  00826,8876236/8876235,270085,110,,64,8
2023,OPC23F0002,999999,Multi Vessel/Mixed Delivery,Y,2023-02-23,02-23-2023,Dutch Harbor,O,,91,D23  000827/D23  00826,8876236/8876235,270085,110,,65,4
2023,OPC23F0002,999999,Multi Vessel/Mixed Delivery,Y,2023-02-23,02-23-2023,Dutch Harbor,O,,91,D23  000827/D23  00826,8876236/8876235,270085,110,,66,6
2023,OPC23F0002,999999,Multi Vessel/Mixed Delivery,Y,2023-02-23,02-23-2023,Dutch Harbor,O,,91,D23  000827/D23  00826,8876236/8876235,270085,110,,67,6
2023,OPC23F0002,999999,Multi Vessel/Mixed Delivery,Y,2023-02-23,02-23-2023,Dutch Harbor,O,,91,D23  000827/D23  00826,8876236/8876235,270085,110,,68,8
2023,OPC23F0002,999999,Multi Vessel/Mixed Delivery,Y,2023-02-23,02-23-2023,Dutch Harbor,O,,91,D23  000827/D23  00826,8876236/8876235,270085,110,,69,2
2023,OPC23F0002,999999,Multi Vessel/Mixed Delivery,Y,2023-02-23,02-23-2023,Dutch Harbor,O,,91,D23  000827/D23  00826,8876236/8876235,270085,110,,70,2
2023,OPC23F0002,999999,Multi Vessel/Mixed Delivery,Y,2023-02-23,02-23-2023,Dutch Harbor,O,,91,D23  000827/D23  00826,8876236/8876235,270085,110,,71,3
2023,OPC23F0002,999999,Multi Vessel/Mixed Delivery,Y,2023-02-23,02-23-2023,Dutch Harbor,O,,91,D23  000827/D23  00826,8876236/8876235,270085,110,,72,3
2023,OPC23F0002,999999,Multi Vessel/Mixed Delivery,Y,2023-02-23,02-23-2023,Dutch Harbor,O,,91,D23  000827/D23  00826,8876236/8876235,270085,110,,73,2
2023,OPC23F0002,999999,Multi Vessel/Mixed Delivery,Y,2023-02-23,02-23-2023,Dutch Harbor,O,,91,D23  000827/D23  00826,8876236/8876235,270085,110,,75,1
2023,OPC23F0002,999999,Multi Vessel/Mixed Delivery,Y,2023-02-23,02-23-2023,Dutch Harbor,O,,91,D23  000827/D23  00826,8876236/8876235,270085,110,,77,1
2023,OPC23F0002,999999,Multi Vessel/Mixed Delivery,Y,2023-02-23,02-23-2023,Dutch Harbor,O,,91,D23  000827/D23  00826,8876236/8876235,270085,110,,81,1
2023,OPC23F0002,999999,Multi Vessel/Mixed Delivery,Y,2023-02-23,02-23-2023,Dutch Harbor,O,,91,D23  000827/D23  00826,8876236/8876235,270085,110,,88,1
2023,OPC23F0002,999999,Multi Vessel/Mixed Delivery,Y,2023-02-23,02-23-2023,Dutch Harbor,O,,91,D23  000827/D23  00826,8876236/8876235,270085,110,,89,1
2023,OPC23F0003,47511,Raven Bay,N,2023-02-27,02-27-2023,Dutch Harbor,O,,91,E23  003020,8888379,26625,110,,50,2
2023,OPC23F0003,47511,Raven Bay,N,2023-02-27,02-27-2023,Dutch Harbor,O,,91,E23  003020,8888379,26625,110,,53,1
2023,OPC23F0003,47511,Raven Bay,N,2023-02-27,02-27-2023,Dutch Harbor,O,,91,E23  003020,8888379,26625,110,,57,1
2023,OPC23F0003,47511,Raven Bay,N,2023-02-27,02-27-2023,Dutch Harbor,O,,91,E23  003020,8888379,26625,110,,58,1
2023,OPC23F0003,47511,Raven Bay,N,2023-02-27,02-27-2023,Dutch Harbor,O,,91,E23  003020,8888379,26625,110,,59,2
2023,OPC23F0003,47511,Raven Bay,N,2023-02-27,02-27-2023,Dutch Harbor,O,,91,E23  003020,8888379,26625,110,,60,1
2023,OPC23F0003,47511,Raven Bay,N,2023-02-27,02-27-2023,Dutch Harbor,O,,91,E23  003020,8888379,26625,110,,61,1
2023,OPC23F0003,47511,Raven Bay,N,2023-02-27,02-27-2023,Dutch Harbor,O,,91,E23  003020,8888379,26625,110,,63,1
2023,OPC23F0003,47511,Raven Bay,N,2023-02-27,02-27-2023,Dutch Harbor,O,,91,E23  003020,8888379,26625,110,,64,2
2023,OPC23F0003,47511,Raven Bay,N,2023-02-27,02-27-2023,Dutch Harbor,O,,91,E23  003020,8888379,26625,110,,65,1
2023,OPC23F0003,47511,Raven Bay,N,2023-02-27,02-27-2023,Dutch Harbor,O,,91,E23  003020,8888379,26625,110,,66,3
2023,OPC23F0003,47511,Raven Bay,N,2023-02-27,02-27-2023,Dutch Harbor,O,,91,E23  003020,8888379,26625,110,,67,1
2023,OPC23F0003,47511,Raven Bay,N,2023-02-27,02-27-2023,Dutch Harbor,O,,91,E23  003020,8888379,26625,110,,68,1
2023,OPC23F0003,47511,Raven Bay,N,2023-02-27,02-27-2023,Dutch Harbor,O,,91,E23  003020,8888379,26625,110,,69,4
2023,OPC23F0003,47511,Raven Bay,N,2023-02-27,02-27-2023,Dutch Harbor,O,,91,E23  003020,8888379,26625,110,,70,1
2023,OPC23F0003,47511,Raven Bay,N,2023-02-27,02-27-2023,Dutch Harbor,O,,91,E23  003020,8888379,26625,110,,71,2
2023,OPC23F0003,47511,Raven Bay,N,2023-02-27,02-27-2023,Dutch Harbor,O,,91,E23  003020,8888379,26625,110,,72,3
2023,OPC23F0003,47511,Raven Bay,N,2023-02-27,02-27-2023,Dutch Harbor,O,,91,E23  003020,8888379,26625,110,,73,1
2023,OPC23F0003,47511,Raven Bay,N,2023-02-27,02-27-2023,Dutch Harbor,O,,91,E23  003020,8888379,26625,110,,74,2
2023,OPC23F0003,47511,Raven Bay,N,2023-02-27,02-27-2023,Dutch Harbor,O,,91,E23  003020,8888379,26625,110,,76,1
2023,OPC23F0003,47511,Raven Bay,N,2023-02-27,02-27-2023,Dutch Harbor,O,,91,E23  003020,8888379,26625,110,,77,2
2023,OPC23F0003,47511,Raven Bay,N,2023-02-27,02-27-2023,Dutch Harbor,O,,91,E23  003020,8888379,26625,110,,78,2
2023,OPC23F0003,47511,Raven Bay,N,2023-02-27,02-27-2023,Dutch Harbor,O,,91,E23  003020,8888379,26625,110,,79,1
2023,OPC23F0003,47511,Raven Bay,N,2023-02-27,02-27-2023,Dutch Harbor,O,,91,E23  003020,8888379,26625,110,,80,2
2023,OPC23F0003,47511,Raven Bay,N,2023-02-27,02-27-2023,Dutch Harbor,O,,91,E23  003020,8888379,26625,110,,81,2
2023,OPC23F0003,47511,Raven Bay,N,2023-02-27,02-27-2023,Dutch Harbor,O,,91,E23  003020,8888379,26625,110,,82,2
2023,OPC23F0003,47511,Raven Bay,N,2023-02-27,02-27-2023,Dutch Harbor,O,,91,E23  003020,8888379,26625,110,,83,1
2023,OPC23F0003,47511,Raven Bay,N,2023-02-27,02-27-2023,Dutch Harbor,O,,91,E23  003020,8888379,26625,110,,84,1
2023,OPC23F0003,47511,Raven Bay,N,2023-02-27,02-27-2023,Dutch Harbor,O,,91,E23  003020,8888379,26625,110,,85,1
2023,OPC23F0003,47511,Raven Bay,N,2023-02-27,02-27-2023,Dutch Harbor,O,,91,E23  003020,8888379,26625,110,,86,2
2023,OPC23F0003,47511,Raven Bay,N,2023-02-27,02-27-2023,Dutch Harbor,O,,91,E23  003020,8888379,26625,110,,87,1
2023,OPC23F0003,47511,Raven Bay,N,2023-02-27,02-27-2023,Dutch Harbor,O,,91,E23  003020,8888379,26625,110,,88,3
2023,OPC23F0003,47511,Raven Bay,N,2023-02-27,02-27-2023,Dutch Harbor,O,,91,E23  003020,8888379,26625,110,,90,2
2023,OPC23F0003,47511,Raven Bay,N,2023-02-27,02-27-2023,Dutch Harbor,O,,91,E23  003020,8888379,26625,110,,91,1
2023,OPC23F0003,47511,Raven Bay,N,2023-02-27,02-27-2023,Dutch Harbor,O,,91,E23  003020,8888379,26625,110,,92,1
2023,OPC23F0003,47511,Raven Bay,N,2023-02-27,02-27-2023,Dutch Harbor,O,,91,E23  003020,8888379,26625,110,,95,2
2023,OPC23F0003,47511,Raven Bay,N,2023-02-27,02-27-2023,Dutch Harbor,O,,91,E23  003020,8888379,26625,110,,97,2
2023,OPC23F0004,76584,Alaskan Star,Y,2023-02-27,02-28-2023,Dutch Harbor,O,,91,D23  000902,8876372,126828,110,,45,1
2023,OPC23F0004,76584,Alaskan Star,Y,2023-02-27,02-28-2023,Dutch Harbor,O,,91,D23  000902,8876372,126828,110,,46,1
2023,OPC23F0004,76584,Alaskan Star,Y,2023-02-27,02-28-2023,Dutch Harbor,O,,91,D23  000902,8876372,126828,110,,47,2
2023,OPC23F0004,76584,Alaskan Star,Y,2023-02-27,02-28-2023,Dutch Harbor,O,,91,D23  000902,8876372,126828,110,,48,2
2023,OPC23F0004,76584,Alaskan Star,Y,2023-02-27,02-28-2023,Dutch Harbor,O,,91,D23  000902,8876372,126828,110,,49,2
2023,OPC23F0004,76584,Alaskan Star,Y,2023-02-27,02-28-2023,Dutch Harbor,O,,91,D23  000902,8876372,126828,110,,50,2
2023,OPC23F0004,76584,Alaskan Star,Y,2023-02-27,02-28-2023,Dutch Harbor,O,,91,D23  000902,8876372,126828,110,,51,4
2023,OPC23F0004,76584,Alaskan Star,Y,2023-02-27,02-28-2023,Dutch Harbor,O,,91,D23  000902,8876372,126828,110,,52,2
2023,OPC23F0004,76584,Alaskan Star,Y,2023-02-27,02-28-2023,Dutch Harbor,O,,91,D23  000902,8876372,126828,110,,53,1
2023,OPC23F0004,76584,Alaskan Star,Y,2023-02-27,02-28-2023,Dutch Harbor,O,,91,D23  000902,8876372,126828,110,,55,5
2023,OPC23F0004,76584,Alaskan Star,Y,2023-02-27,02-28-2023,Dutch Harbor,O,,91,D23  000902,8876372,126828,110,,56,6
2023,OPC23F0004,76584,Alaskan Star,Y,2023-02-27,02-28-2023,Dutch Harbor,O,,91,D23  000902,8876372,126828,110,,57,2
2023,OPC23F0004,76584,Alaskan Star,Y,2023-02-27,02-28-2023,Dutch Harbor,O,,91,D23  000902,8876372,126828,110,,58,4
2023,OPC23F0004,76584,Alaskan Star,Y,2023-02-27,02-28-2023,Dutch Harbor,O,,91,D23  000902,8876372,126828,110,,59,3
2023,OPC23F0004,76584,Alaskan Star,Y,2023-02-27,02-28-2023,Dutch Harbor,O,,91,D23  000902,8876372,126828,110,,60,4
2023,OPC23F0004,76584,Alaskan Star,Y,2023-02-27,02-28-2023,Dutch Harbor,O,,91,D23  000902,8876372,126828,110,,61,5
2023,OPC23F0004,76584,Alaskan Star,Y,2023-02-27,02-28-2023,Dutch Harbor,O,,91,D23  000902,8876372,126828,110,,62,6
2023,OPC23F0004,76584,Alaskan Star,Y,2023-02-27,02-28-2023,Dutch Harbor,O,,91,D23  000902,8876372,126828,110,,63,4
2023,OPC23F0004,76584,Alaskan Star,Y,2023-02-27,02-28-2023,Dutch Harbor,O,,91,D23  000902,8876372,126828,110,,64,2
2023,OPC23F0004,76584,Alaskan Star,Y,2023-02-27,02-28-2023,Dutch Harbor,O,,91,D23  000902,8876372,126828,110,,65,3
2023,OPC23F0004,76584,Alaskan Star,Y,2023-02-27,02-28-2023,Dutch Harbor,O,,91,D23  000902,8876372,126828,110,,66,4
2023,OPC23F0004,76584,Alaskan Star,Y,2023-02-27,02-28-2023,Dutch Harbor,O,,91,D23  000902,8876372,126828,110,,67,4
2023,OPC23F0004,76584,Alaskan Star,Y,2023-02-27,02-28-2023,Dutch Harbor,O,,91,D23  000902,8876372,126828,110,,68,3
2023,OPC23F0004,76584,Alaskan Star,Y,2023-02-27,02-28-2023,Dutch Harbor,O,,91,D23  000902,8876372,126828,110,,69,1
2023,OPC23F0004,76584,Alaskan Star,Y,2023-02-27,02-28-2023,Dutch Harbor,O,,91,D23  000902,8876372,126828,110,,70,4
2023,OPC23F0004,76584,Alaskan Star,Y,2023-02-27,02-28-2023,Dutch Harbor,O,,91,D23  000902,8876372,126828,110,,71,5
2023,OPC23F0004,76584,Alaskan Star,Y,2023-02-27,02-28-2023,Dutch Harbor,O,,91,D23  000902,8876372,126828,110,,72,3
2023,OPC23F0004,76584,Alaskan Star,Y,2023-02-27,02-28-2023,Dutch Harbor,O,,91,D23  000902,8876372,126828,110,,73,5
2023,OPC23F0004,76584,Alaskan Star,Y,2023-02-27,02-28-2023,Dutch Harbor,O,,91,D23  000902,8876372,126828,110,,74,1
2023,OPC23F0004,76584,Alaskan Star,Y,2023-02-27,02-28-2023,Dutch Harbor,O,,91,D23  000902,8876372,126828,110,,75,2
2023,OPC23F0004,76584,Alaskan Star,Y,2023-02-27,02-28-2023,Dutch Harbor,O,,91,D23  000902,8876372,126828,110,,76,1
2023,OPC23F0004,76584,Alaskan Star,Y,2023-02-27,02-28-2023,Dutch Harbor,O,,91,D23  000902,8876372,126828,110,,77,1
2023,OPC23F0004,76584,Alaskan Star,Y,2023-02-27,02-28-2023,Dutch Harbor,O,,91,D23  000902,8876372,126828,110,,78,1
2023,OPC23F0004,76584,Alaskan Star,Y,2023-02-27,02-28-2023,Dutch Harbor,O,,91,D23  000902,8876372,126828,110,,80,2
2023,OPC23F0004,76584,Alaskan Star,Y,2023-02-27,02-28-2023,Dutch Harbor,O,,91,D23  000902,8876372,126828,110,,81,1
2023,OPC23F0004,76584,Alaskan Star,Y,2023-02-27,02-28-2023,Dutch Harbor,O,,91,D23  000902,8876372,126828,110,,87,1
2023,OPC23F0004,76584,Alaskan Star,Y,2023-02-27,02-28-2023,Dutch Harbor,O,,91,D23  000902,8876372,126828,110,,90,1
2023,OPC23F0004,76584,Alaskan Star,Y,2023-02-27,02-28-2023,Dutch Harbor,O,,91,D23  000902,8876372,126828,110,,99,1
2023,OPC23F0005,999999,Multi Vessel/Mixed Delivery,Y,2023-03-09,03-09-2023,Dutch Harbor,O,,91,D23  838188/D23  838187,8877699/8877698,216070,110,,43,1
2023,OPC23F0005,999999,Multi Vessel/Mixed Delivery,Y,2023-03-09,03-09-2023,Dutch Harbor,O,,91,D23  838188/D23  838187,8877699/8877698,216070,110,,47,1
2023,OPC23F0005,999999,Multi Vessel/Mixed Delivery,Y,2023-03-09,03-09-2023,Dutch Harbor,O,,91,D23  838188/D23  838187,8877699/8877698,216070,110,,48,1
2023,OPC23F0005,999999,Multi Vessel/Mixed Delivery,Y,2023-03-09,03-09-2023,Dutch Harbor,O,,91,D23  838188/D23  838187,8877699/8877698,216070,110,,50,1
2023,OPC23F0005,999999,Multi Vessel/Mixed Delivery,Y,2023-03-09,03-09-2023,Dutch Harbor,O,,91,D23  838188/D23  838187,8877699/8877698,216070,110,,53,1
2023,OPC23F0005,999999,Multi Vessel/Mixed Delivery,Y,2023-03-09,03-09-2023,Dutch Harbor,O,,91,D23  838188/D23  838187,8877699/8877698,216070,110,,54,2
2023,OPC23F0005,999999,Multi Vessel/Mixed Delivery,Y,2023-03-09,03-09-2023,Dutch Harbor,O,,91,D23  838188/D23  838187,8877699/8877698,216070,110,,55,2
2023,OPC23F0005,999999,Multi Vessel/Mixed Delivery,Y,2023-03-09,03-09-2023,Dutch Harbor,O,,91,D23  838188/D23  838187,8877699/8877698,216070,110,,56,2
2023,OPC23F0005,999999,Multi Vessel/Mixed Delivery,Y,2023-03-09,03-09-2023,Dutch Harbor,O,,91,D23  838188/D23  838187,8877699/8877698,216070,110,,57,3
2023,OPC23F0005,999999,Multi Vessel/Mixed Delivery,Y,2023-03-09,03-09-2023,Dutch Harbor,O,,91,D23  838188/D23  838187,8877699/8877698,216070,110,,59,3
2023,OPC23F0005,999999,Multi Vessel/Mixed Delivery,Y,2023-03-09,03-09-2023,Dutch Harbor,O,,91,D23  838188/D23  838187,8877699/8877698,216070,110,,60,3
2023,OPC23F0005,999999,Multi Vessel/Mixed Delivery,Y,2023-03-09,03-09-2023,Dutch Harbor,O,,91,D23  838188/D23  838187,8877699/8877698,216070,110,,61,1
2023,OPC23F0005,999999,Multi Vessel/Mixed Delivery,Y,2023-03-09,03-09-2023,Dutch Harbor,O,,91,D23  838188/D23  838187,8877699/8877698,216070,110,,62,7
2023,OPC23F0005,999999,Multi Vessel/Mixed Delivery,Y,2023-03-09,03-09-2023,Dutch Harbor,O,,91,D23  838188/D23  838187,8877699/8877698,216070,110,,63,2
2023,OPC23F0005,999999,Multi Vessel/Mixed Delivery,Y,2023-03-09,03-09-2023,Dutch Harbor,O,,91,D23  838188/D23  838187,8877699/8877698,216070,110,,64,3
2023,OPC23F0005,999999,Multi Vessel/Mixed Delivery,Y,2023-03-09,03-09-2023,Dutch Harbor,O,,91,D23  838188/D23  838187,8877699/8877698,216070,110,,65,4
2023,OPC23F0005,999999,Multi Vessel/Mixed Delivery,Y,2023-03-09,03-09-2023,Dutch Harbor,O,,91,D23  838188/D23  838187,8877699/8877698,216070,110,,66,9
2023,OPC23F0005,999999,Multi Vessel/Mixed Delivery,Y,2023-03-09,03-09-2023,Dutch Harbor,O,,91,D23  838188/D23  838187,8877699/8877698,216070,110,,67,6
2023,OPC23F0005,999999,Multi Vessel/Mixed Delivery,Y,2023-03-09,03-09-2023,Dutch Harbor,O,,91,D23  838188/D23  838187,8877699/8877698,216070,110,,68,5
2023,OPC23F0005,999999,Multi Vessel/Mixed Delivery,Y,2023-03-09,03-09-2023,Dutch Harbor,O,,91,D23  838188/D23  838187,8877699/8877698,216070,110,,69,1
2023,OPC23F0005,999999,Multi Vessel/Mixed Delivery,Y,2023-03-09,03-09-2023,Dutch Harbor,O,,91,D23  838188/D23  838187,8877699/8877698,216070,110,,70,4
2023,OPC23F0005,999999,Multi Vessel/Mixed Delivery,Y,2023-03-09,03-09-2023,Dutch Harbor,O,,91,D23  838188/D23  838187,8877699/8877698,216070,110,,71,3
2023,OPC23F0005,999999,Multi Vessel/Mixed Delivery,Y,2023-03-09,03-09-2023,Dutch Harbor,O,,91,D23  838188/D23  838187,8877699/8877698,216070,110,,72,3
2023,OPC23F0005,999999,Multi Vessel/Mixed Delivery,Y,2023-03-09,03-09-2023,Dutch Harbor,O,,91,D23  838188/D23  838187,8877699/8877698,216070,110,,73,3
2023,OPC23F0005,999999,Multi Vessel/Mixed Delivery,Y,2023-03-09,03-09-2023,Dutch Harbor,O,,91,D23  838188/D23  838187,8877699/8877698,216070,110,,74,3
2023,OPC23F0005,999999,Multi Vessel/Mixed Delivery,Y,2023-03-09,03-09-2023,Dutch Harbor,O,,91,D23  838188/D23  838187,8877699/8877698,216070,110,,75,1
2023,OPC23F0005,999999,Multi Vessel/Mixed Delivery,Y,2023-03-09,03-09-2023,Dutch Harbor,O,,91,D23  838188/D23  838187,8877699/8877698,216070,110,,76,1
2023,OPC23F0005,999999,Multi Vessel/Mixed Delivery,Y,2023-03-09,03-09-2023,Dutch Harbor,O,,91,D23  838188/D23  838187,8877699/8877698,216070,110,,77,1
2023,OPC23F0005,999999,Multi Vessel/Mixed Delivery,Y,2023-03-09,03-09-2023,Dutch Harbor,O,,91,D23  838188/D23  838187,8877699/8877698,216070,110,,79,3
2023,OPC23F0005,999999,Multi Vessel/Mixed Delivery,Y,2023-03-09,03-09-2023,Dutch Harbor,O,,91,D23  838188/D23  838187,8877699/8877698,216070,110,,80,5
2023,OPC23F0005,999999,Multi Vessel/Mixed Delivery,Y,2023-03-09,03-09-2023,Dutch Harbor,O,,91,D23  838188/D23  838187,8877699/8877698,216070,110,,82,4
2023,OPC23F0005,999999,Multi Vessel/Mixed Delivery,Y,2023-03-09,03-09-2023,Dutch Harbor,O,,91,D23  838188/D23  838187,8877699/8877698,216070,110,,83,1
2023,OPC23F0005,999999,Multi Vessel/Mixed Delivery,Y,2023-03-09,03-09-2023,Dutch Harbor,O,,91,D23  838188/D23  838187,8877699/8877698,216070,110,,84,2
2023,OPC23F0005,999999,Multi Vessel/Mixed Delivery,Y,2023-03-09,03-09-2023,Dutch Harbor,O,,91,D23  838188/D23  838187,8877699/8877698,216070,110,,86,1
2023,OPC23F0005,999999,Multi Vessel/Mixed Delivery,Y,2023-03-09,03-09-2023,Dutch Harbor,O,,91,D23  838188/D23  838187,8877699/8877698,216070,110,,87,1
2023,OPC23F0005,999999,Multi Vessel/Mixed Delivery,Y,2023-03-09,03-09-2023,Dutch Harbor,O,,91,D23  838188/D23  838187,8877699/8877698,216070,110,,88,2
2023,OPC23F0005,999999,Multi Vessel/Mixed Delivery,Y,2023-03-09,03-09-2023,Dutch Harbor,O,,91,D23  838188/D23  838187,8877699/8877698,216070,110,,89,1
2023,OPC23F0005,999999,Multi Vessel/Mixed Delivery,Y,2023-03-09,03-09-2023,Dutch Harbor,O,,91,D23  838188/D23  838187,8877699/8877698,216070,110,,92,2
2023,OPC23F0005,999999,Multi Vessel/Mixed Delivery,Y,2023-03-09,03-09-2023,Dutch Harbor,O,,91,D23  838188/D23  838187,8877699/8877698,216070,110,,93,1
2023,OPC23F0006,999999,Multi Vessel/Mixed Delivery,Y,2023-03-08,03-08-2023,Dutch Harbor,O,,91,D23  000712/D23  000711/D23  000710,8877328/8877327/8877326,163165,110,,48,1
2023,OPC23F0006,999999,Multi Vessel/Mixed Delivery,Y,2023-03-08,03-08-2023,Dutch Harbor,O,,91,D23  000712/D23  000711/D23  000710,8877328/8877327/8877326,163165,110,,50,2
2023,OPC23F0006,999999,Multi Vessel/Mixed Delivery,Y,2023-03-08,03-08-2023,Dutch Harbor,O,,91,D23  000712/D23  000711/D23  000710,8877328/8877327/8877326,163165,110,,51,1
2023,OPC23F0006,999999,Multi Vessel/Mixed Delivery,Y,2023-03-08,03-08-2023,Dutch Harbor,O,,91,D23  000712/D23  000711/D23  000710,8877328/8877327/8877326,163165,110,,52,2
2023,OPC23F0006,999999,Multi Vessel/Mixed Delivery,Y,2023-03-08,03-08-2023,Dutch Harbor,O,,91,D23  000712/D23  000711/D23  000710,8877328/8877327/8877326,163165,110,,53,2
2023,OPC23F0006,999999,Multi Vessel/Mixed Delivery,Y,2023-03-08,03-08-2023,Dutch Harbor,O,,91,D23  000712/D23  000711/D23  000710,8877328/8877327/8877326,163165,110,,60,6
2023,OPC23F0006,999999,Multi Vessel/Mixed Delivery,Y,2023-03-08,03-08-2023,Dutch Harbor,O,,91,D23  000712/D23  000711/D23  000710,8877328/8877327/8877326,163165,110,,61,3
2023,OPC23F0006,999999,Multi Vessel/Mixed Delivery,Y,2023-03-08,03-08-2023,Dutch Harbor,O,,91,D23  000712/D23  000711/D23  000710,8877328/8877327/8877326,163165,110,,63,4
2023,OPC23F0006,999999,Multi Vessel/Mixed Delivery,Y,2023-03-08,03-08-2023,Dutch Harbor,O,,91,D23  000712/D23  000711/D23  000710,8877328/8877327/8877326,163165,110,,64,2
2023,OPC23F0006,999999,Multi Vessel/Mixed Delivery,Y,2023-03-08,03-08-2023,Dutch Harbor,O,,91,D23  000712/D23  000711/D23  000710,8877328/8877327/8877326,163165,110,,65,2
2023,OPC23F0006,999999,Multi Vessel/Mixed Delivery,Y,2023-03-08,03-08-2023,Dutch Harbor,O,,91,D23  000712/D23  000711/D23  000710,8877328/8877327/8877326,163165,110,,66,5
2023,OPC23F0006,999999,Multi Vessel/Mixed Delivery,Y,2023-03-08,03-08-2023,Dutch Harbor,O,,91,D23  000712/D23  000711/D23  000710,8877328/8877327/8877326,163165,110,,67,4
2023,OPC23F0006,999999,Multi Vessel/Mixed Delivery,Y,2023-03-08,03-08-2023,Dutch Harbor,O,,91,D23  000712/D23  000711/D23  000710,8877328/8877327/8877326,163165,110,,68,1
2023,OPC23F0006,999999,Multi Vessel/Mixed Delivery,Y,2023-03-08,03-08-2023,Dutch Harbor,O,,91,D23  000712/D23  000711/D23  000710,8877328/8877327/8877326,163165,110,,69,4
2023,OPC23F0006,999999,Multi Vessel/Mixed Delivery,Y,2023-03-08,03-08-2023,Dutch Harbor,O,,91,D23  000712/D23  000711/D23  000710,8877328/8877327/8877326,163165,110,,70,3
2023,OPC23F0006,999999,Multi Vessel/Mixed Delivery,Y,2023-03-08,03-08-2023,Dutch Harbor,O,,91,D23  000712/D23  000711/D23  000710,8877328/8877327/8877326,163165,110,,71,3
2023,OPC23F0006,999999,Multi Vessel/Mixed Delivery,Y,2023-03-08,03-08-2023,Dutch Harbor,O,,91,D23  000712/D23  000711/D23  000710,8877328/8877327/8877326,163165,110,,72,4
2023,OPC23F0006,999999,Multi Vessel/Mixed Delivery,Y,2023-03-08,03-08-2023,Dutch Harbor,O,,91,D23  000712/D23  000711/D23  000710,8877328/8877327/8877326,163165,110,,73,5
2023,OPC23F0006,999999,Multi Vessel/Mixed Delivery,Y,2023-03-08,03-08-2023,Dutch Harbor,O,,91,D23  000712/D23  000711/D23  000710,8877328/8877327/8877326,163165,110,,74,2
2023,OPC23F0006,999999,Multi Vessel/Mixed Delivery,Y,2023-03-08,03-08-2023,Dutch Harbor,O,,91,D23  000712/D23  000711/D23  000710,8877328/8877327/8877326,163165,110,,75,4
2023,OPC23F0006,999999,Multi Vessel/Mixed Delivery,Y,2023-03-08,03-08-2023,Dutch Harbor,O,,91,D23  000712/D23  000711/D23  000710,8877328/8877327/8877326,163165,110,,76,4
2023,OPC23F0006,999999,Multi Vessel/Mixed Delivery,Y,2023-03-08,03-08-2023,Dutch Harbor,O,,91,D23  000712/D23  000711/D23  000710,8877328/8877327/8877326,163165,110,,77,5
2023,OPC23F0006,999999,Multi Vessel/Mixed Delivery,Y,2023-03-08,03-08-2023,Dutch Harbor,O,,91,D23  000712/D23  000711/D23  000710,8877328/8877327/8877326,163165,110,,78,1
2023,OPC23F0006,999999,Multi Vessel/Mixed Delivery,Y,2023-03-08,03-08-2023,Dutch Harbor,O,,91,D23  000712/D23  000711/D23  000710,8877328/8877327/8877326,163165,110,,79,1
2023,OPC23F0006,999999,Multi Vessel/Mixed Delivery,Y,2023-03-08,03-08-2023,Dutch Harbor,O,,91,D23  000712/D23  000711/D23  000710,8877328/8877327/8877326,163165,110,,80,2
2023,OPC23F0006,999999,Multi Vessel/Mixed Delivery,Y,2023-03-08,03-08-2023,Dutch Harbor,O,,91,D23  000712/D23  000711/D23  000710,8877328/8877327/8877326,163165,110,,81,1
2023,OPC23F0006,999999,Multi Vessel/Mixed Delivery,Y,2023-03-08,03-08-2023,Dutch Harbor,O,,91,D23  000712/D23  000711/D23  000710,8877328/8877327/8877326,163165,110,,83,3
2023,OPC23F0006,999999,Multi Vessel/Mixed Delivery,Y,2023-03-08,03-08-2023,Dutch Harbor,O,,91,D23  000712/D23  000711/D23  000710,8877328/8877327/8877326,163165,110,,86,6
2023,OPC23F0006,999999,Multi Vessel/Mixed Delivery,Y,2023-03-08,03-08-2023,Dutch Harbor,O,,91,D23  000712/D23  000711/D23  000710,8877328/8877327/8877326,163165,110,,87,2
2023,OPC23F0006,999999,Multi Vessel/Mixed Delivery,Y,2023-03-08,03-08-2023,Dutch Harbor,O,,91,D23  000712/D23  000711/D23  000710,8877328/8877327/8877326,163165,110,,88,2
2023,OPC23F0006,999999,Multi Vessel/Mixed Delivery,Y,2023-03-08,03-08-2023,Dutch Harbor,O,,91,D23  000712/D23  000711/D23  000710,8877328/8877327/8877326,163165,110,,89,3
2023,OPC23F0006,999999,Multi Vessel/Mixed Delivery,Y,2023-03-08,03-08-2023,Dutch Harbor,O,,91,D23  000712/D23  000711/D23  000710,8877328/8877327/8877326,163165,110,,90,1
2023,OPC23F0006,999999,Multi Vessel/Mixed Delivery,Y,2023-03-08,03-08-2023,Dutch Harbor,O,,91,D23  000712/D23  000711/D23  000710,8877328/8877327/8877326,163165,110,,91,1
2023,OPC23F0006,999999,Multi Vessel/Mixed Delivery,Y,2023-03-08,03-08-2023,Dutch Harbor,O,,91,D23  000712/D23  000711/D23  000710,8877328/8877327/8877326,163165,110,,92,1
2023,OPC23F0006,999999,Multi Vessel/Mixed Delivery,Y,2023-03-08,03-08-2023,Dutch Harbor,O,,91,D23  000712/D23  000711/D23  000710,8877328/8877327/8877326,163165,110,,93,1
2023,OPC23F0006,999999,Multi Vessel/Mixed Delivery,Y,2023-03-08,03-08-2023,Dutch Harbor,O,,91,D23  000712/D23  000711/D23  000710,8877328/8877327/8877326,163165,110,,95,1
2023,OPC23F0006,999999,Multi Vessel/Mixed Delivery,Y,2023-03-08,03-08-2023,Dutch Harbor,O,,91,D23  000712/D23  000711/D23  000710,8877328/8877327/8877326,163165,110,,96,2
2023,OPC23F0006,999999,Multi Vessel/Mixed Delivery,Y,2023-03-08,03-08-2023,Dutch Harbor,O,,91,D23  000712/D23  000711/D23  000710,8877328/8877327/8877326,163165,110,,98,1
2023,OPC23F0006,999999,Multi Vessel/Mixed Delivery,Y,2023-03-08,03-08-2023,Dutch Harbor,O,,91,D23  000712/D23  000711/D23  000710,8877328/8877327/8877326,163165,110,,99,1
2023,OPC23F0006,999999,Multi Vessel/Mixed Delivery,Y,2023-03-08,03-08-2023,Dutch Harbor,O,,91,D23  000712/D23  000711/D23  000710,8877328/8877327/8877326,163165,110,,102,1
2023,OPC23F0007,999999,Multi Vessel/Mixed Delivery,Y,2023-03-09,03-10-2023,Dutch Harbor,O,,91,D23  000833/D23  000832,8876242/8876241,325741,110,,47,1
2023,OPC23F0007,999999,Multi Vessel/Mixed Delivery,Y,2023-03-09,03-10-2023,Dutch Harbor,O,,91,D23  000833/D23  000832,8876242/8876241,325741,110,,50,1
2023,OPC23F0007,999999,Multi Vessel/Mixed Delivery,Y,2023-03-09,03-10-2023,Dutch Harbor,O,,91,D23  000833/D23  000832,8876242/8876241,325741,110,,53,1
2023,OPC23F0007,999999,Multi Vessel/Mixed Delivery,Y,2023-03-09,03-10-2023,Dutch Harbor,O,,91,D23  000833/D23  000832,8876242/8876241,325741,110,,54,1
2023,OPC23F0007,999999,Multi Vessel/Mixed Delivery,Y,2023-03-09,03-10-2023,Dutch Harbor,O,,91,D23  000833/D23  000832,8876242/8876241,325741,110,,55,2
2023,OPC23F0007,999999,Multi Vessel/Mixed Delivery,Y,2023-03-09,03-10-2023,Dutch Harbor,O,,91,D23  000833/D23  000832,8876242/8876241,325741,110,,56,1
2023,OPC23F0007,999999,Multi Vessel/Mixed Delivery,Y,2023-03-09,03-10-2023,Dutch Harbor,O,,91,D23  000833/D23  000832,8876242/8876241,325741,110,,57,2
2023,OPC23F0007,999999,Multi Vessel/Mixed Delivery,Y,2023-03-09,03-10-2023,Dutch Harbor,O,,91,D23  000833/D23  000832,8876242/8876241,325741,110,,58,3
2023,OPC23F0007,999999,Multi Vessel/Mixed Delivery,Y,2023-03-09,03-10-2023,Dutch Harbor,O,,91,D23  000833/D23  000832,8876242/8876241,325741,110,,59,1
2023,OPC23F0007,999999,Multi Vessel/Mixed Delivery,Y,2023-03-09,03-10-2023,Dutch Harbor,O,,91,D23  000833/D23  000832,8876242/8876241,325741,110,,60,5
2023,OPC23F0007,999999,Multi Vessel/Mixed Delivery,Y,2023-03-09,03-10-2023,Dutch Harbor,O,,91,D23  000833/D23  000832,8876242/8876241,325741,110,,61,4
2023,OPC23F0007,999999,Multi Vessel/Mixed Delivery,Y,2023-03-09,03-10-2023,Dutch Harbor,O,,91,D23  000833/D23  000832,8876242/8876241,325741,110,,62,3
2023,OPC23F0007,999999,Multi Vessel/Mixed Delivery,Y,2023-03-09,03-10-2023,Dutch Harbor,O,,91,D23  000833/D23  000832,8876242/8876241,325741,110,,63,5
2023,OPC23F0007,999999,Multi Vessel/Mixed Delivery,Y,2023-03-09,03-10-2023,Dutch Harbor,O,,91,D23  000833/D23  000832,8876242/8876241,325741,110,,64,1
2023,OPC23F0007,999999,Multi Vessel/Mixed Delivery,Y,2023-03-09,03-10-2023,Dutch Harbor,O,,91,D23  000833/D23  000832,8876242/8876241,325741,110,,65,7
2023,OPC23F0007,999999,Multi Vessel/Mixed Delivery,Y,2023-03-09,03-10-2023,Dutch Harbor,O,,91,D23  000833/D23  000832,8876242/8876241,325741,110,,66,3
2023,OPC23F0007,999999,Multi Vessel/Mixed Delivery,Y,2023-03-09,03-10-2023,Dutch Harbor,O,,91,D23  000833/D23  000832,8876242/8876241,325741,110,,67,7
2023,OPC23F0007,999999,Multi Vessel/Mixed Delivery,Y,2023-03-09,03-10-2023,Dutch Harbor,O,,91,D23  000833/D23  000832,8876242/8876241,325741,110,,68,3
2023,OPC23F0007,999999,Multi Vessel/Mixed Delivery,Y,2023-03-09,03-10-2023,Dutch Harbor,O,,91,D23  000833/D23  000832,8876242/8876241,325741,110,,69,9
2023,OPC23F0007,999999,Multi Vessel/Mixed Delivery,Y,2023-03-09,03-10-2023,Dutch Harbor,O,,91,D23  000833/D23  000832,8876242/8876241,325741,110,,70,8
2023,OPC23F0007,999999,Multi Vessel/Mixed Delivery,Y,2023-03-09,03-10-2023,Dutch Harbor,O,,91,D23  000833/D23  000832,8876242/8876241,325741,110,,71,1
2023,OPC23F0007,999999,Multi Vessel/Mixed Delivery,Y,2023-03-09,03-10-2023,Dutch Harbor,O,,91,D23  000833/D23  000832,8876242/8876241,325741,110,,72,3
2023,OPC23F0007,999999,Multi Vessel/Mixed Delivery,Y,2023-03-09,03-10-2023,Dutch Harbor,O,,91,D23  000833/D23  000832,8876242/8876241,325741,110,,73,4
2023,OPC23F0007,999999,Multi Vessel/Mixed Delivery,Y,2023-03-09,03-10-2023,Dutch Harbor,O,,91,D23  000833/D23  000832,8876242/8876241,325741,110,,74,4
2023,OPC23F0007,999999,Multi Vessel/Mixed Delivery,Y,2023-03-09,03-10-2023,Dutch Harbor,O,,91,D23  000833/D23  000832,8876242/8876241,325741,110,,75,3
2023,OPC23F0007,999999,Multi Vessel/Mixed Delivery,Y,2023-03-09,03-10-2023,Dutch Harbor,O,,91,D23  000833/D23  000832,8876242/8876241,325741,110,,76,1
2023,OPC23F0007,999999,Multi Vessel/Mixed Delivery,Y,2023-03-09,03-10-2023,Dutch Harbor,O,,91,D23  000833/D23  000832,8876242/8876241,325741,110,,77,1
2023,OPC23F0007,999999,Multi Vessel/Mixed Delivery,Y,2023-03-09,03-10-2023,Dutch Harbor,O,,91,D23  000833/D23  000832,8876242/8876241,325741,110,,81,4
2023,OPC23F0007,999999,Multi Vessel/Mixed Delivery,Y,2023-03-09,03-10-2023,Dutch Harbor,O,,91,D23  000833/D23  000832,8876242/8876241,325741,110,,82,1
2023,OPC23F0007,999999,Multi Vessel/Mixed Delivery,Y,2023-03-09,03-10-2023,Dutch Harbor,O,,91,D23  000833/D23  000832,8876242/8876241,325741,110,,83,1
2023,OPC23F0007,999999,Multi Vessel/Mixed Delivery,Y,2023-03-09,03-10-2023,Dutch Harbor,O,,91,D23  000833/D23  000832,8876242/8876241,325741,110,,85,2
2023,OPC23F0007,999999,Multi Vessel/Mixed Delivery,Y,2023-03-09,03-10-2023,Dutch Harbor,O,,91,D23  000833/D23  000832,8876242/8876241,325741,110,,87,1
2023,OPC23F0007,999999,Multi Vessel/Mixed Delivery,Y,2023-03-09,03-10-2023,Dutch Harbor,O,,91,D23  000833/D23  000832,8876242/8876241,325741,110,,88,1
2023,OPC23F0007,999999,Multi Vessel/Mixed Delivery,Y,2023-03-09,03-10-2023,Dutch Harbor,O,,91,D23  000833/D23  000832,8876242/8876241,325741,110,,89,2
2023,OPC23F0007,999999,Multi Vessel/Mixed Delivery,Y,2023-03-09,03-10-2023,Dutch Harbor,O,,91,D23  000833/D23  000832,8876242/8876241,325741,110,,91,1
2023,OPC23F0007,999999,Multi Vessel/Mixed Delivery,Y,2023-03-09,03-10-2023,Dutch Harbor,O,,91,D23  000833/D23  000832,8876242/8876241,325741,110,,94,2
2023,OPC23F0007,999999,Multi Vessel/Mixed Delivery,Y,2023-03-09,03-10-2023,Dutch Harbor,O,,91,D23  000833/D23  000832,8876242/8876241,325741,110,,95,2
2023,OPC23F0007,999999,Multi Vessel/Mixed Delivery,Y,2023-03-09,03-10-2023,Dutch Harbor,O,,91,D23  000833/D23  000832,8876242/8876241,325741,110,,97,3
2023,OPC23F0007,999999,Multi Vessel/Mixed Delivery,Y,2023-03-09,03-10-2023,Dutch Harbor,O,,91,D23  000833/D23  000832,8876242/8876241,325741,110,,98,2
2023,OPC23F0007,999999,Multi Vessel/Mixed Delivery,Y,2023-03-09,03-10-2023,Dutch Harbor,O,,91,D23  000833/D23  000832,8876242/8876241,325741,110,,99,1
2023,OPC23F0008,76034,Cynosure,N,2023-03-20,03-20-2023,Dutch Harbor,O,,91,E23  004616,8893639,72273,110,,49,1
2023,OPC23F0008,76034,Cynosure,N,2023-03-20,03-20-2023,Dutch Harbor,O,,91,E23  004616,8893639,72273,110,,51,1
2023,OPC23F0008,76034,Cynosure,N,2023-03-20,03-20-2023,Dutch Harbor,O,,91,E23  004616,8893639,72273,110,,52,1
2023,OPC23F0008,76034,Cynosure,N,2023-03-20,03-20-2023,Dutch Harbor,O,,91,E23  004616,8893639,72273,110,,54,1
2023,OPC23F0008,76034,Cynosure,N,2023-03-20,03-20-2023,Dutch Harbor,O,,91,E23  004616,8893639,72273,110,,55,2
2023,OPC23F0008,76034,Cynosure,N,2023-03-20,03-20-2023,Dutch Harbor,O,,91,E23  004616,8893639,72273,110,,56,1
2023,OPC23F0008,76034,Cynosure,N,2023-03-20,03-20-2023,Dutch Harbor,O,,91,E23  004616,8893639,72273,110,,57,2
2023,OPC23F0008,76034,Cynosure,N,2023-03-20,03-20-2023,Dutch Harbor,O,,91,E23  004616,8893639,72273,110,,58,3
2023,OPC23F0008,76034,Cynosure,N,2023-03-20,03-20-2023,Dutch Harbor,O,,91,E23  004616,8893639,72273,110,,59,4
2023,OPC23F0008,76034,Cynosure,N,2023-03-20,03-20-2023,Dutch Harbor,O,,91,E23  004616,8893639,72273,110,,60,4
2023,OPC23F0008,76034,Cynosure,N,2023-03-20,03-20-2023,Dutch Harbor,O,,91,E23  004616,8893639,72273,110,,61,5
2023,OPC23F0008,76034,Cynosure,N,2023-03-20,03-20-2023,Dutch Harbor,O,,91,E23  004616,8893639,72273,110,,62,8
2023,OPC23F0008,76034,Cynosure,N,2023-03-20,03-20-2023,Dutch Harbor,O,,91,E23  004616,8893639,72273,110,,63,7
2023,OPC23F0008,76034,Cynosure,N,2023-03-20,03-20-2023,Dutch Harbor,O,,91,E23  004616,8893639,72273,110,,64,4
2023,OPC23F0008,76034,Cynosure,N,2023-03-20,03-20-2023,Dutch Harbor,O,,91,E23  004616,8893639,72273,110,,65,6
2023,OPC23F0008,76034,Cynosure,N,2023-03-20,03-20-2023,Dutch Harbor,O,,91,E23  004616,8893639,72273,110,,66,10
2023,OPC23F0008,76034,Cynosure,N,2023-03-20,03-20-2023,Dutch Harbor,O,,91,E23  004616,8893639,72273,110,,67,3
2023,OPC23F0008,76034,Cynosure,N,2023-03-20,03-20-2023,Dutch Harbor,O,,91,E23  004616,8893639,72273,110,,68,10
2023,OPC23F0008,76034,Cynosure,N,2023-03-20,03-20-2023,Dutch Harbor,O,,91,E23  004616,8893639,72273,110,,69,2
2023,OPC23F0008,76034,Cynosure,N,2023-03-20,03-20-2023,Dutch Harbor,O,,91,E23  004616,8893639,72273,110,,70,4
2023,OPC23F0008,76034,Cynosure,N,2023-03-20,03-20-2023,Dutch Harbor,O,,91,E23  004616,8893639,72273,110,,71,2
2023,OPC23F0008,76034,Cynosure,N,2023-03-20,03-20-2023,Dutch Harbor,O,,91,E23  004616,8893639,72273,110,,72,4
2023,OPC23F0008,76034,Cynosure,N,2023-03-20,03-20-2023,Dutch Harbor,O,,91,E23  004616,8893639,72273,110,,73,7
2023,OPC23F0008,76034,Cynosure,N,2023-03-20,03-20-2023,Dutch Harbor,O,,91,E23  004616,8893639,72273,110,,74,2
2023,OPC23F0008,76034,Cynosure,N,2023-03-20,03-20-2023,Dutch Harbor,O,,91,E23  004616,8893639,72273,110,,75,1
2023,OPC23F0008,76034,Cynosure,N,2023-03-20,03-20-2023,Dutch Harbor,O,,91,E23  004616,8893639,72273,110,,76,1
2023,OPC23F0008,76034,Cynosure,N,2023-03-20,03-20-2023,Dutch Harbor,O,,91,E23  004616,8893639,72273,110,,77,1
2023,OPC23F0008,76034,Cynosure,N,2023-03-20,03-20-2023,Dutch Harbor,O,,91,E23  004616,8893639,72273,110,,78,1
2023,OPC23F0008,76034,Cynosure,N,2023-03-20,03-20-2023,Dutch Harbor,O,,91,E23  004616,8893639,72273,110,,79,2
2023,OPC23F0008,76034,Cynosure,N,2023-03-20,03-20-2023,Dutch Harbor,O,,91,E23  004616,8893639,72273,110,,80,2
2023,OPC23F0008,76034,Cynosure,N,2023-03-20,03-20-2023,Dutch Harbor,O,,91,E23  004616,8893639,72273,110,,81,3
2023,OPC23F0008,76034,Cynosure,N,2023-03-20,03-20-2023,Dutch Harbor,O,,91,E23  004616,8893639,72273,110,,82,1
2023,OPC23F0008,76034,Cynosure,N,2023-03-20,03-20-2023,Dutch Harbor,O,,91,E23  004616,8893639,72273,110,,86,1
2023,OPC23F0008,76034,Cynosure,N,2023-03-20,03-20-2023,Dutch Harbor,O,,91,E23  004616,8893639,72273,110,,87,3
2023,OPC23F0008,76034,Cynosure,N,2023-03-20,03-20-2023,Dutch Harbor,O,,91,E23  004616,8893639,72273,110,,89,1
2023,OPC23F0008,76034,Cynosure,N,2023-03-20,03-20-2023,Dutch Harbor,O,,91,E23  004616,8893639,72273,110,,90,1
2023,OPC23F0008,76034,Cynosure,N,2023-03-20,03-20-2023,Dutch Harbor,O,,91,E23  004616,8893639,72273,110,,93,3
2023,OPC23F0008,76034,Cynosure,N,2023-03-20,03-20-2023,Dutch Harbor,O,,91,E23  004616,8893639,72273,110,,95,2
2023,OPC23F0008,76034,Cynosure,N,2023-03-20,03-20-2023,Dutch Harbor,O,,91,E23  004616,8893639,72273,110,,101,1
2023,OPC23F0009,76584,Alaskan Star,Y,2023-03-28,03-28-2023,Dutch Harbor,O,,91,D23  002871,8876335,201597,110,,47,1
2023,OPC23F0009,76584,Alaskan Star,Y,2023-03-28,03-28-2023,Dutch Harbor,O,,91,D23  002871,8876335,201597,110,,48,1
2023,OPC23F0009,76584,Alaskan Star,Y,2023-03-28,03-28-2023,Dutch Harbor,O,,91,D23  002871,8876335,201597,110,,52,1
2023,OPC23F0009,76584,Alaskan Star,Y,2023-03-28,03-28-2023,Dutch Harbor,O,,91,D23  002871,8876335,201597,110,,53,1
2023,OPC23F0009,76584,Alaskan Star,Y,2023-03-28,03-28-2023,Dutch Harbor,O,,91,D23  002871,8876335,201597,110,,54,1
2023,OPC23F0009,76584,Alaskan Star,Y,2023-03-28,03-28-2023,Dutch Harbor,O,,91,D23  002871,8876335,201597,110,,55,1
2023,OPC23F0009,76584,Alaskan Star,Y,2023-03-28,03-28-2023,Dutch Harbor,O,,91,D23  002871,8876335,201597,110,,56,4
2023,OPC23F0009,76584,Alaskan Star,Y,2023-03-28,03-28-2023,Dutch Harbor,O,,91,D23  002871,8876335,201597,110,,57,1
2023,OPC23F0009,76584,Alaskan Star,Y,2023-03-28,03-28-2023,Dutch Harbor,O,,91,D23  002871,8876335,201597,110,,58,6
2023,OPC23F0009,76584,Alaskan Star,Y,2023-03-28,03-28-2023,Dutch Harbor,O,,91,D23  002871,8876335,201597,110,,59,2
2023,OPC23F0009,76584,Alaskan Star,Y,2023-03-28,03-28-2023,Dutch Harbor,O,,91,D23  002871,8876335,201597,110,,60,9
2023,OPC23F0009,76584,Alaskan Star,Y,2023-03-28,03-28-2023,Dutch Harbor,O,,91,D23  002871,8876335,201597,110,,61,4
2023,OPC23F0009,76584,Alaskan Star,Y,2023-03-28,03-28-2023,Dutch Harbor,O,,91,D23  002871,8876335,201597,110,,62,6
2023,OPC23F0009,76584,Alaskan Star,Y,2023-03-28,03-28-2023,Dutch Harbor,O,,91,D23  002871,8876335,201597,110,,63,4
2023,OPC23F0009,76584,Alaskan Star,Y,2023-03-28,03-28-2023,Dutch Harbor,O,,91,D23  002871,8876335,201597,110,,64,4
2023,OPC23F0009,76584,Alaskan Star,Y,2023-03-28,03-28-2023,Dutch Harbor,O,,91,D23  002871,8876335,201597,110,,65,9
2023,OPC23F0009,76584,Alaskan Star,Y,2023-03-28,03-28-2023,Dutch Harbor,O,,91,D23  002871,8876335,201597,110,,66,6
2023,OPC23F0009,76584,Alaskan Star,Y,2023-03-28,03-28-2023,Dutch Harbor,O,,91,D23  002871,8876335,201597,110,,67,4
2023,OPC23F0009,76584,Alaskan Star,Y,2023-03-28,03-28-2023,Dutch Harbor,O,,91,D23  002871,8876335,201597,110,,68,6
2023,OPC23F0009,76584,Alaskan Star,Y,2023-03-28,03-28-2023,Dutch Harbor,O,,91,D23  002871,8876335,201597,110,,69,1
2023,OPC23F0009,76584,Alaskan Star,Y,2023-03-28,03-28-2023,Dutch Harbor,O,,91,D23  002871,8876335,201597,110,,70,4
2023,OPC23F0009,76584,Alaskan Star,Y,2023-03-28,03-28-2023,Dutch Harbor,O,,91,D23  002871,8876335,201597,110,,71,3
2023,OPC23F0009,76584,Alaskan Star,Y,2023-03-28,03-28-2023,Dutch Harbor,O,,91,D23  002871,8876335,201597,110,,72,5
2023,OPC23F0009,76584,Alaskan Star,Y,2023-03-28,03-28-2023,Dutch Harbor,O,,91,D23  002871,8876335,201597,110,,73,2
2023,OPC23F0009,76584,Alaskan Star,Y,2023-03-28,03-28-2023,Dutch Harbor,O,,91,D23  002871,8876335,201597,110,,74,1
2023,OPC23F0009,76584,Alaskan Star,Y,2023-03-28,03-28-2023,Dutch Harbor,O,,91,D23  002871,8876335,201597,110,,75,1
2023,OPC23F0009,76584,Alaskan Star,Y,2023-03-28,03-28-2023,Dutch Harbor,O,,91,D23  002871,8876335,201597,110,,77,1
2023,OPC23F0009,76584,Alaskan Star,Y,2023-03-28,03-28-2023,Dutch Harbor,O,,91,D23  002871,8876335,201597,110,,78,1
2023,OPC23F0009,76584,Alaskan Star,Y,2023-03-28,03-28-2023,Dutch Harbor,O,,91,D23  002871,8876335,201597,110,,79,2
2023,OPC23F0009,76584,Alaskan Star,Y,2023-03-28,03-28-2023,Dutch Harbor,O,,91,D23  002871,8876335,201597,110,,82,1
2023,OPC23F0009,76584,Alaskan Star,Y,2023-03-28,03-28-2023,Dutch Harbor,O,,91,D23  002871,8876335,201597,110,,83,2
2023,OPC23F0009,76584,Alaskan Star,Y,2023-03-28,03-28-2023,Dutch Harbor,O,,91,D23  002871,8876335,201597,110,,84,1
2023,OPC23F0009,76584,Alaskan Star,Y,2023-03-28,03-28-2023,Dutch Harbor,O,,91,D23  002871,8876335,201597,110,,85,1
2023,OPC23F0009,76584,Alaskan Star,Y,2023-03-28,03-28-2023,Dutch Harbor,O,,91,D23  002871,8876335,201597,110,,90,1
2023,OPC23F0009,76584,Alaskan Star,Y,2023-03-28,03-28-2023,Dutch Harbor,O,,91,D23  002871,8876335,201597,110,,92,1
2023,OPC23F0009,76584,Alaskan Star,Y,2023-03-28,03-28-2023,Dutch Harbor,O,,91,D23  002871,8876335,201597,110,,98,1
2023,OPC23F0010,77211,Cerulean,Y,2023-04-05,04-05-2023,Dutch Harbor,O,,91,D23  003109,8887797,199366,110,,51,1
2023,OPC23F0010,77211,Cerulean,Y,2023-04-05,04-05-2023,Dutch Harbor,O,,91,D23  003109,8887797,199366,110,,54,2
2023,OPC23F0010,77211,Cerulean,Y,2023-04-05,04-05-2023,Dutch Harbor,O,,91,D23  003109,8887797,199366,110,,56,1
2023,OPC23F0010,77211,Cerulean,Y,2023-04-05,04-05-2023,Dutch Harbor,O,,91,D23  003109,8887797,199366,110,,57,2
2023,OPC23F0010,77211,Cerulean,Y,2023-04-05,04-05-2023,Dutch Harbor,O,,91,D23  003109,8887797,199366,110,,58,1
2023,OPC23F0010,77211,Cerulean,Y,2023-04-05,04-05-2023,Dutch Harbor,O,,91,D23  003109,8887797,199366,110,,59,1
2023,OPC23F0010,77211,Cerulean,Y,2023-04-05,04-05-2023,Dutch Harbor,O,,91,D23  003109,8887797,199366,110,,61,1
2023,OPC23F0010,77211,Cerulean,Y,2023-04-05,04-05-2023,Dutch Harbor,O,,91,D23  003109,8887797,199366,110,,62,7
2023,OPC23F0010,77211,Cerulean,Y,2023-04-05,04-05-2023,Dutch Harbor,O,,91,D23  003109,8887797,199366,110,,63,3
2023,OPC23F0010,77211,Cerulean,Y,2023-04-05,04-05-2023,Dutch Harbor,O,,91,D23  003109,8887797,199366,110,,64,4
2023,OPC23F0010,77211,Cerulean,Y,2023-04-05,04-05-2023,Dutch Harbor,O,,91,D23  003109,8887797,199366,110,,65,1
2023,OPC23F0010,77211,Cerulean,Y,2023-04-05,04-05-2023,Dutch Harbor,O,,91,D23  003109,8887797,199366,110,,66,5
2023,OPC23F0010,77211,Cerulean,Y,2023-04-05,04-05-2023,Dutch Harbor,O,,91,D23  003109,8887797,199366,110,,67,2
2023,OPC23F0010,77211,Cerulean,Y,2023-04-05,04-05-2023,Dutch Harbor,O,,91,D23  003109,8887797,199366,110,,68,5
2023,OPC23F0010,77211,Cerulean,Y,2023-04-05,04-05-2023,Dutch Harbor,O,,91,D23  003109,8887797,199366,110,,69,3
2023,OPC23F0010,77211,Cerulean,Y,2023-04-05,04-05-2023,Dutch Harbor,O,,91,D23  003109,8887797,199366,110,,70,5
2023,OPC23F0010,77211,Cerulean,Y,2023-04-05,04-05-2023,Dutch Harbor,O,,91,D23  003109,8887797,199366,110,,71,7
2023,OPC23F0010,77211,Cerulean,Y,2023-04-05,04-05-2023,Dutch Harbor,O,,91,D23  003109,8887797,199366,110,,72,4
2023,OPC23F0010,77211,Cerulean,Y,2023-04-05,04-05-2023,Dutch Harbor,O,,91,D23  003109,8887797,199366,110,,73,2
2023,OPC23F0010,77211,Cerulean,Y,2023-04-05,04-05-2023,Dutch Harbor,O,,91,D23  003109,8887797,199366,110,,76,2
2023,OPC23F0010,77211,Cerulean,Y,2023-04-05,04-05-2023,Dutch Harbor,O,,91,D23  003109,8887797,199366,110,,77,4
2023,OPC23F0010,77211,Cerulean,Y,2023-04-05,04-05-2023,Dutch Harbor,O,,91,D23  003109,8887797,199366,110,,78,1
2023,OPC23F0010,77211,Cerulean,Y,2023-04-05,04-05-2023,Dutch Harbor,O,,91,D23  003109,8887797,199366,110,,79,4
2023,OPC23F0010,77211,Cerulean,Y,2023-04-05,04-05-2023,Dutch Harbor,O,,91,D23  003109,8887797,199366,110,,81,1
2023,OPC23F0010,77211,Cerulean,Y,2023-04-05,04-05-2023,Dutch Harbor,O,,91,D23  003109,8887797,199366,110,,83,1
2023,OPC23F0010,77211,Cerulean,Y,2023-04-05,04-05-2023,Dutch Harbor,O,,91,D23  003109,8887797,199366,110,,84,3
2023,OPC23F0010,77211,Cerulean,Y,2023-04-05,04-05-2023,Dutch Harbor,O,,91,D23  003109,8887797,199366,110,,85,3
2023,OPC23F0010,77211,Cerulean,Y,2023-04-05,04-05-2023,Dutch Harbor,O,,91,D23  003109,8887797,199366,110,,86,2
2023,OPC23F0010,77211,Cerulean,Y,2023-04-05,04-05-2023,Dutch Harbor,O,,91,D23  003109,8887797,199366,110,,87,1
2023,OPC23F0010,77211,Cerulean,Y,2023-04-05,04-05-2023,Dutch Harbor,O,,91,D23  003109,8887797,199366,110,,88,2
2023,OPC23F0010,77211,Cerulean,Y,2023-04-05,04-05-2023,Dutch Harbor,O,,91,D23  003109,8887797,199366,110,,89,1
2023,OPC23F0010,77211,Cerulean,Y,2023-04-05,04-05-2023,Dutch Harbor,O,,91,D23  003109,8887797,199366,110,,90,2
2023,OPC23F0010,77211,Cerulean,Y,2023-04-05,04-05-2023,Dutch Harbor,O,,91,D23  003109,8887797,199366,110,,91,3
2023,OPC23F0010,77211,Cerulean,Y,2023-04-05,04-05-2023,Dutch Harbor,O,,91,D23  003109,8887797,199366,110,,92,1
2023,OPC23F0010,77211,Cerulean,Y,2023-04-05,04-05-2023,Dutch Harbor,O,,91,D23  003109,8887797,199366,110,,93,1
2023,OPC23F0010,77211,Cerulean,Y,2023-04-05,04-05-2023,Dutch Harbor,O,,91,D23  003109,8887797,199366,110,,95,2
2023,OPC23F0010,77211,Cerulean,Y,2023-04-05,04-05-2023,Dutch Harbor,O,,91,D23  003109,8887797,199366,110,,97,2
2023,OPC23F0010,77211,Cerulean,Y,2023-04-05,04-05-2023,Dutch Harbor,O,,91,D23  003109,8887797,199366,110,,98,2
2023,OPC23F0010,77211,Cerulean,Y,2023-04-05,04-05-2023,Dutch Harbor,O,,91,D23  003109,8887797,199366,110,,99,1
2023,OPC23F0010,77211,Cerulean,Y,2023-04-05,04-05-2023,Dutch Harbor,O,,91,D23  003109,8887797,199366,110,,100,3
2023,OPC23F0010,77211,Cerulean,Y,2023-04-05,04-05-2023,Dutch Harbor,O,,91,D23  003109,8887797,199366,110,,101,1
2023,OPC23F0011,999999,Multi Vessel/Mixed Delivery,Y,2023-04-06,04-06-2023,Dutch Harbor,O,,91,D23  838168/D23  000899,8877709/8877710,245612,110,,45,1
2023,OPC23F0011,999999,Multi Vessel/Mixed Delivery,Y,2023-04-06,04-06-2023,Dutch Harbor,O,,91,D23  838168/D23  000899,8877709/8877710,245612,110,,54,1
2023,OPC23F0011,999999,Multi Vessel/Mixed Delivery,Y,2023-04-06,04-06-2023,Dutch Harbor,O,,91,D23  838168/D23  000899,8877709/8877710,245612,110,,55,3
2023,OPC23F0011,999999,Multi Vessel/Mixed Delivery,Y,2023-04-06,04-06-2023,Dutch Harbor,O,,91,D23  838168/D23  000899,8877709/8877710,245612,110,,57,2
2023,OPC23F0011,999999,Multi Vessel/Mixed Delivery,Y,2023-04-06,04-06-2023,Dutch Harbor,O,,91,D23  838168/D23  000899,8877709/8877710,245612,110,,58,2
2023,OPC23F0011,999999,Multi Vessel/Mixed Delivery,Y,2023-04-06,04-06-2023,Dutch Harbor,O,,91,D23  838168/D23  000899,8877709/8877710,245612,110,,59,1
2023,OPC23F0011,999999,Multi Vessel/Mixed Delivery,Y,2023-04-06,04-06-2023,Dutch Harbor,O,,91,D23  838168/D23  000899,8877709/8877710,245612,110,,60,5
2023,OPC23F0011,999999,Multi Vessel/Mixed Delivery,Y,2023-04-06,04-06-2023,Dutch Harbor,O,,91,D23  838168/D23  000899,8877709/8877710,245612,110,,61,1
2023,OPC23F0011,999999,Multi Vessel/Mixed Delivery,Y,2023-04-06,04-06-2023,Dutch Harbor,O,,91,D23  838168/D23  000899,8877709/8877710,245612,110,,62,3
2023,OPC23F0011,999999,Multi Vessel/Mixed Delivery,Y,2023-04-06,04-06-2023,Dutch Harbor,O,,91,D23  838168/D23  000899,8877709/8877710,245612,110,,63,5
2023,OPC23F0011,999999,Multi Vessel/Mixed Delivery,Y,2023-04-06,04-06-2023,Dutch Harbor,O,,91,D23  838168/D23  000899,8877709/8877710,245612,110,,64,5
2023,OPC23F0011,999999,Multi Vessel/Mixed Delivery,Y,2023-04-06,04-06-2023,Dutch Harbor,O,,91,D23  838168/D23  000899,8877709/8877710,245612,110,,65,6
2023,OPC23F0011,999999,Multi Vessel/Mixed Delivery,Y,2023-04-06,04-06-2023,Dutch Harbor,O,,91,D23  838168/D23  000899,8877709/8877710,245612,110,,66,1
2023,OPC23F0011,999999,Multi Vessel/Mixed Delivery,Y,2023-04-06,04-06-2023,Dutch Harbor,O,,91,D23  838168/D23  000899,8877709/8877710,245612,110,,67,3
2023,OPC23F0011,999999,Multi Vessel/Mixed Delivery,Y,2023-04-06,04-06-2023,Dutch Harbor,O,,91,D23  838168/D23  000899,8877709/8877710,245612,110,,68,8
2023,OPC23F0011,999999,Multi Vessel/Mixed Delivery,Y,2023-04-06,04-06-2023,Dutch Harbor,O,,91,D23  838168/D23  000899,8877709/8877710,245612,110,,69,7
2023,OPC23F0011,999999,Multi Vessel/Mixed Delivery,Y,2023-04-06,04-06-2023,Dutch Harbor,O,,91,D23  838168/D23  000899,8877709/8877710,245612,110,,70,5
2023,OPC23F0011,999999,Multi Vessel/Mixed Delivery,Y,2023-04-06,04-06-2023,Dutch Harbor,O,,91,D23  838168/D23  000899,8877709/8877710,245612,110,,71,4
2023,OPC23F0011,999999,Multi Vessel/Mixed Delivery,Y,2023-04-06,04-06-2023,Dutch Harbor,O,,91,D23  838168/D23  000899,8877709/8877710,245612,110,,72,1
2023,OPC23F0011,999999,Multi Vessel/Mixed Delivery,Y,2023-04-06,04-06-2023,Dutch Harbor,O,,91,D23  838168/D23  000899,8877709/8877710,245612,110,,73,3
2023,OPC23F0011,999999,Multi Vessel/Mixed Delivery,Y,2023-04-06,04-06-2023,Dutch Harbor,O,,91,D23  838168/D23  000899,8877709/8877710,245612,110,,74,3
2023,OPC23F0011,999999,Multi Vessel/Mixed Delivery,Y,2023-04-06,04-06-2023,Dutch Harbor,O,,91,D23  838168/D23  000899,8877709/8877710,245612,110,,75,2
2023,OPC23F0011,999999,Multi Vessel/Mixed Delivery,Y,2023-04-06,04-06-2023,Dutch Harbor,O,,91,D23  838168/D23  000899,8877709/8877710,245612,110,,76,1
2023,OPC23F0011,999999,Multi Vessel/Mixed Delivery,Y,2023-04-06,04-06-2023,Dutch Harbor,O,,91,D23  838168/D23  000899,8877709/8877710,245612,110,,79,1
2023,OPC23F0011,999999,Multi Vessel/Mixed Delivery,Y,2023-04-06,04-06-2023,Dutch Harbor,O,,91,D23  838168/D23  000899,8877709/8877710,245612,110,,80,1
2023,OPC23F0011,999999,Multi Vessel/Mixed Delivery,Y,2023-04-06,04-06-2023,Dutch Harbor,O,,91,D23  838168/D23  000899,8877709/8877710,245612,110,,82,3
2023,OPC23F0011,999999,Multi Vessel/Mixed Delivery,Y,2023-04-06,04-06-2023,Dutch Harbor,O,,91,D23  838168/D23  000899,8877709/8877710,245612,110,,83,3
2023,OPC23F0011,999999,Multi Vessel/Mixed Delivery,Y,2023-04-06,04-06-2023,Dutch Harbor,O,,91,D23  838168/D23  000899,8877709/8877710,245612,110,,85,2
2023,OPC23F0011,999999,Multi Vessel/Mixed Delivery,Y,2023-04-06,04-06-2023,Dutch Harbor,O,,91,D23  838168/D23  000899,8877709/8877710,245612,110,,86,3
2023,OPC23F0011,999999,Multi Vessel/Mixed Delivery,Y,2023-04-06,04-06-2023,Dutch Harbor,O,,91,D23  838168/D23  000899,8877709/8877710,245612,110,,87,2
2023,OPC23F0011,999999,Multi Vessel/Mixed Delivery,Y,2023-04-06,04-06-2023,Dutch Harbor,O,,91,D23  838168/D23  000899,8877709/8877710,245612,110,,90,2
2023,OPC23F0011,999999,Multi Vessel/Mixed Delivery,Y,2023-04-06,04-06-2023,Dutch Harbor,O,,91,D23  838168/D23  000899,8877709/8877710,245612,110,,91,3
2023,OPC23F0011,999999,Multi Vessel/Mixed Delivery,Y,2023-04-06,04-06-2023,Dutch Harbor,O,,91,D23  838168/D23  000899,8877709/8877710,245612,110,,92,1
2023,OPC23F0011,999999,Multi Vessel/Mixed Delivery,Y,2023-04-06,04-06-2023,Dutch Harbor,O,,91,D23  838168/D23  000899,8877709/8877710,245612,110,,93,2
2023,OPC23F0011,999999,Multi Vessel/Mixed Delivery,Y,2023-04-06,04-06-2023,Dutch Harbor,O,,91,D23  838168/D23  000899,8877709/8877710,245612,110,,97,2
2023,OPC23F0011,999999,Multi Vessel/Mixed Delivery,Y,2023-04-06,04-06-2023,Dutch Harbor,O,,91,D23  838168/D23  000899,8877709/8877710,245612,110,,100,2
2023,OPC23F0011,999999,Multi Vessel/Mixed Delivery,Y,2023-04-06,04-06-2023,Dutch Harbor,O,,91,D23  838168/D23  000899,8877709/8877710,245612,110,,101,2
2023,OPC23F0011,999999,Multi Vessel/Mixed Delivery,Y,2023-04-06,04-06-2023,Dutch Harbor,O,,91,D23  838168/D23  000899,8877709/8877710,245612,110,,104,1
2023,OPC23F0011,999999,Multi Vessel/Mixed Delivery,Y,2023-04-06,04-06-2023,Dutch Harbor,O,,91,D23  838168/D23  000899,8877709/8877710,245612,110,,107,1
